grade;standard;manufacturer;country;source;analogues;c;cr;mo;v;w;co;ni;mn;si;s;p;cu;nb;n;tech
FERMO;Uddeholm, Швеция;Uddeholm;Швеция;csv:Марки ВЭМ.csv;1.7140;0,5;1,5;;;;;;0,9;0,4;;;;;;
1.7140;EN, Европа;;Европа;csv:Марки ВЭМ.csv;FERMO;0,5;1,5;;;;;;0,9;0,4;;;;;;
M201 листы;Bohler, Австрия;Bohler;Австрия;csv:Марки ВЭМ.csv;2311 ISO-BM|1.2311;0,40;2,0;0,2;;;;;1,5;0,3;;;;;;
2311 ISO-BM;Buderus, Германия;Buderus;Германия;csv:Марки ВЭМ.csv;M201 листы|1.2311;0,40;2,0;0,2;;;;;1,5;0,3;;;;;;
HOLDAX;Uddeholm, Швеция;Uddeholm;Швеция;csv:Марки ВЭМ.csv;M200|2312|1.2312;0,40;1,9;0,2;;;;;1,5;0,4;;;;;;S<0,07
M238;Bohler, Австрия;Bohler;Австрия;csv:Марки ВЭМ.csv;IMPAX SUPREME|2738 ISO-BM|1.2738;0,38;2,0;0,2;;;;1,1;1,5;0,3;;;;;;S<0,01
IMPAX SUPREME;Uddeholm, Швеция;Uddeholm;Швеция;csv:Марки ВЭМ.csv;M238|2738 ISO-BM|1.2738;0,38;2,0;0,2;;;;1,1;1,5;0,3;;;;;;S<0,01
M238 HH;Bohler, Австрия;Bohler;Австрия;csv:Марки ВЭМ.csv;1.2738;0,38;2,0;0,2;;;;1,1;1,5;0,3;;;;;;S<0,01
M268 VMR;Bohler, Австрия;Bohler;Австрия;csv:Марки ВЭМ.csv;1.2738;0,38;2,00;0,20;;;;1,10;1,50;0,30;;;;;;
Buderus Efficient;Buderus, Германия;Buderus;Германия;csv:Марки ВЭМ.csv;;0,30;1,35;0,60;;;;;1,45;0,10;;;;;;
BMS Extra Hard;Buderus, Германия;Buderus;Германия;csv:Марки ВЭМ.csv;;0,30;1,50;0,55;;;;0,60;1,50;0,12;;;;;;
Thruhard Supreme HH;Buderus, Германия;Buderus;Германия;csv:Марки ВЭМ.csv;;0,26;1,25;0,60;;;;;1,45;0,10;;;;;;
Thruhard Supreme HHH;Buderus, Германия;Buderus;Германия;csv:Марки ВЭМ.csv;;0,26;1,25;0,60;;;;;1,45;0,10;;;;;;
Thruhard Diamond;Buderus, Германия;Buderus;Германия;csv:Марки ВЭМ.csv;;0,28;1,25;0,70;;;;;1,45;0,10;;;;;;
HIPERDIE;Buderus, Германия;Buderus;Германия;csv:Марки ВЭМ.csv;;0,35;2,70;1,00;0,20;;;0,60;0,50;0,35;;;;;;
9966 SuperClean;Buderus, Германия;Buderus;Германия;csv:Марки ВЭМ.csv;;0,33;1,50;0,80;0,30;;;3,00;0,20;0,25;;;;;;
2711 ISO-B;Buderus, Германия;Buderus;Германия;csv:Марки ВЭМ.csv;1.2711;0,52;0,75;0,30;;;;;0,70;0,20;;;;;;
M261 EXTRA;Bohler, Австрия;Bohler;Австрия;csv:Марки ВЭМ.csv;;0,13;0,35;;;;;3,50;2,00;0,30;;;;;;S=0,13Al=1,2
NIMAX;Uddeholm, Швеция;Uddeholm;Швеция;csv:Марки ВЭМ.csv;;0,09;3,00;0,30;;;;1,00;2,50;0,30;;;;;;
RAMAX HH;Uddeholm, Швеция;Uddeholm;Швеция;csv:Марки ВЭМ.csv;;0,12;13,40;0,50;0,20;;;1,60;1,30;0,20;;;;;;S=0,1+N
M314;Bohler, Австрия;Bohler;Австрия;csv:Марки ВЭМ.csv;2085|1.2085;0,34;16,00;0,15;;;;0,65;1,40;0,35;;;;;;S=0,12
2085 Mod;Buderus, Германия;Buderus;Германия;csv:Марки ВЭМ.csv;;0,28;14,20;1,10;;;;0,50;0,95;0,30;;;;;;+
ROYALLOY;Uddeholm, Швеция;Uddeholm;Швеция;csv:Марки ВЭМ.csv;M315;0,05;12,80;;;;;0,45;0,90;0,20;;;;;;S=0,1
2316 ISO-B Mod;Buderus, Германия;Buderus;Германия;csv:Марки ВЭМ.csv;;0,28;14,20;1,10;;;;0,50;0,95;0,30;;;;;;
M303 ISOPLAST;Bohler, Австрия;Bohler;Австрия;csv:Марки ВЭМ.csv;NITRO-B;0,27;14,50;1,00;;;;0,85;0,65;0,30;;;;;;+N
NITRO-B;Buderus, Германия;Buderus;Германия;csv:Марки ВЭМ.csv;M303 ISOPLAST;0,27;14,50;1,00;;;;0,85;0,65;0,30;;;;;;+N
M303 HH ISOPLAST;Bohler, Австрия;Bohler;Австрия;csv:Марки ВЭМ.csv;NITRO-B;0,27;14,50;1,00;;;;0,85;0,65;0,30;;;;;;+N
MIRRAX 40 / IDUN;Uddeholm, Швеция;Uddeholm;Швеция;csv:Марки ВЭМ.csv;;0,21;13,50;0,20;0,25;;;0,60;0,45;0,90;;;;;;+N
CORRAX;Uddeholm, Швеция;Uddeholm;Швеция;csv:Марки ВЭМ.csv;;0,03;12,00;1,40;;;;9,20;0,30;0,30;;;;;;Al=1,6
13%Cr SMSS;Buderus, Германия;Buderus;Германия;csv:Марки ВЭМ.csv;;0,03;13,00;5,30;1,15;;;;0,95;0,40;;;;;;
FORMAX;Uddeholm, Швеция;Uddeholm;Швеция;csv:Марки ВЭМ.csv;;0,18;;;;;;;1,30;0,30;;;;;;
UHB 11;Uddeholm, Швеция;Uddeholm;Швеция;csv:Марки ВЭМ.csv;K945|1730|1.1730;0,50;;;;;;;1,70;0,20;;;;;;S<0,07
M130;Bohler, Австрия;Bohler;Австрия;csv:Марки ВЭМ.csv;2764 ISO-B|1.2764;0,19;1,30;0,20;;;;4,10;0,30;0,25;;;;;;
2764 ISO-B;Buderus, Германия;Buderus;Германия;csv:Марки ВЭМ.csv;M130|1.2764;0,19;1,30;0,20;;;;4,10;0,30;0,25;;;;;;
1.2764;EN, Европа;;Европа;csv:Марки ВЭМ.csv;M130|2764 ISO-B;0,19;1,30;0,20;;;;4,10;0,30;0,25;;;;;;
M310 ISOPLAST;Bohler, Австрия;Bohler;Австрия;csv:Марки ВЭМ.csv;STAVAX ESR|2083 ESU|1.2083;0,38;14,30;;0,20;;;;0,50;0,80;;;;;;
STAVAX ESR;Uddeholm, Швеция;Uddeholm;Швеция;csv:Марки ВЭМ.csv;M310 ISOPLAST|2083 ESU|1.2083;0,38;14,30;;0,20;;;;0,50;0,80;;;;;;
2083 ESU;Buderus, Германия;Buderus;Германия;csv:Марки ВЭМ.csv;M310 ISOPLAST|STAVAX ESR|1.2083;0,38;14,30;;0,20;;;;0,50;0,80;;;;;;
POLMAX;Uddeholm, Швеция;Uddeholm;Швеция;csv:Марки ВЭМ.csv;1.2083;0,38;13,60;;0,30;;;;0,50;0,90;;;;;;
MIRRAX ESR;Uddeholm, Швеция;Uddeholm;Швеция;csv:Марки ВЭМ.csv;;0,25;13,30;0,35;0,35;;;1,35;0,55;0,35;;;;;;+N
TYRAX;Uddeholm, Швеция;Uddeholm;Швеция;csv:Марки ВЭМ.csv;;0,40;12,00;2,30;0,50;;;;0,50;0,20;;;;;;+N
M333 ISOPLAST;Bohler, Австрия;Bohler;Австрия;csv:Марки ВЭМ.csv;;0,28;13,50;;;;;;0,30;0,30;;;;;;+N
M340 ISOPLAST;Bohler, Австрия;Bohler;Австрия;csv:Марки ВЭМ.csv;;0,54;17,30;1,10;0,10;;;;0,40;0,45;;;;;;+N
M368 Microclean;Bohler, Австрия;Bohler;Австрия;csv:Марки ВЭМ.csv;;0,54;17,30;1,10;0,10;;;;0,40;0,45;;;;;;+N
ELMAX;Uddeholm, Швеция;Uddeholm;Швеция;csv:Марки ВЭМ.csv;;1,70;18,00;1,00;3,00;;;;0,30;0,80;;;;;;
M390 Microclean;Bohler, Австрия;Bohler;Австрия;csv:Марки ВЭМ.csv;;1,91;20,00;1,00;4,00;0,60;;;0,30;0,70;;;;;;
M398 Microclean;Bohler, Австрия;Bohler;Австрия;csv:Марки ВЭМ.csv;;2,73;20,00;1,00;7,20;0,70;;;0,30;0,50;;;;;;
VANAX SUPERCLEAN;Uddeholm, Швеция;Uddeholm;Швеция;csv:Марки ВЭМ.csv;;0,36;18,20;1,10;3,50;;;;0,30;0,30;;;;;;N=1,55
ALVAR 14;Uddeholm, Швеция;Uddeholm;Швеция;csv:Марки ВЭМ.csv;W500|2714 ISO-B|1.2714;0,55;1,10;0,50;0,10;;;1,70;0,75;0,30;;;;;;
2714 ISO-B;Buderus, Германия;Buderus;Германия;csv:Марки ВЭМ.csv;W500|ALVAR 14|1.2714;0,55;1,10;0,50;0,10;;;1,70;0,75;0,30;;;;;;
2714 ISO-B Mod;Buderus, Германия;Buderus;Германия;csv:Марки ВЭМ.csv;1.2714;0,52;1,10;0,75;0,10;;;2,00;0,95;0,25;;;;;;
W321 ISODISC;Bohler, Австрия;Bohler;Австрия;csv:Марки ВЭМ.csv;1.2885;0,39;2,90;2,80;0,65;;;;0,35;0,30;;;;;;Co=2,9
BALDER;Uddeholm, Швеция;Uddeholm;Швеция;csv:Марки ВЭМ.csv;;0,30;2,30;0,80;0,80;;;4,00;1,20;0,30;;;;;;
W320 ISODISC;Bohler, Австрия;Bohler;Австрия;csv:Марки ВЭМ.csv;2365 ISO-B|1.2365;0,31;2,90;2,80;0,50;;;;0,35;0,30;;;;;;
2365 ISO-B;Buderus, Германия;Buderus;Германия;csv:Марки ВЭМ.csv;W320 ISODISC|1.2365;0,31;2,90;2,80;0,50;;;;0,35;0,30;;;;;;
W720;Bohler, Австрия;Bohler;Австрия;csv:Марки ВЭМ.csv;1.6354;0,01;;5,00;;;;18,50;0,10;0,05;;;;;;Co=9, Ti=0,7, Al=0,1
1.6354;EN, Европа;;Европа;csv:Марки ВЭМ.csv;W720;0,01;;5,00;;;;18,50;0,10;0,05;;;;;;Co=9, Ti=0,7, Al=0,1
W300 ISODISC;Bohler, Австрия;Bohler;Австрия;csv:Марки ВЭМ.csv;VIDAR 1|2343 ISO-B|1.2343;0,38;5,00;1,30;0,40;;;;0,40;1,10;;;;;;
VIDAR 1;Uddeholm, Швеция;Uddeholm;Швеция;csv:Марки ВЭМ.csv;W300 ISODISC|2343 ISO-B|1.2343;0,38;5,00;1,30;0,40;;;;0,40;1,10;;;;;;
2343 ISO-B;Buderus, Германия;Buderus;Германия;csv:Марки ВЭМ.csv;W300 ISODISC|VIDAR 1|1.2343;0,38;5,00;1,30;0,40;;;;0,40;1,10;;;;;;
W300 ISOBLOC;Bohler, Австрия;Bohler;Австрия;csv:Марки ВЭМ.csv;VIDAR 1 ESR|2343 ISO-B ESR|1.2343;0,38;5,00;1,30;0,40;;;;0,40;1,10;;;;;;
VIDAR 1 ESR;Uddeholm, Швеция;Uddeholm;Швеция;csv:Марки ВЭМ.csv;W300 ISOBLOC|2343 ISO-B ESR|1.2343;0,38;5,00;1,30;0,40;;;;0,40;1,10;;;;;;
2343 ISO-B ESR;Buderus, Германия;Buderus;Германия;csv:Марки ВЭМ.csv;W300 ISOBLOC|VIDAR 1 ESR|1.2343;0,38;5,00;1,30;0,40;;;;0,40;1,10;;;;;;
VIDAR SUPERIOR;Uddeholm, Швеция;Uddeholm;Швеция;csv:Марки ВЭМ.csv;1.2343;0,36;5,00;1,30;0,50;;;;0,30;0,30;;;;;;
W400 VMR;Bohler, Австрия;Bohler;Австрия;csv:Марки ВЭМ.csv;1.2343;0,37;5,00;1,30;0,45;;;;0,25;0,20;;;;;;
Conqueror SuperClean;Buderus, Германия;Buderus;Германия;csv:Марки ВЭМ.csv;1.2343;;;;;;;;;;;;;;;
BURE (Orvar 2M);Uddeholm, Швеция;Uddeholm;Швеция;csv:Марки ВЭМ.csv;1.2344;0,39;5,30;1,30;0,95;;;;0,40;1,10;;;;;;
ORVAR 2M;Uddeholm, Швеция;Uddeholm;Швеция;csv:Марки ВЭМ.csv;W302 ISODISC|2344-ISO-B|1.2344;0,39;5,30;1,30;0,95;;;;0,40;1,10;;;;;;
2344-ISO-B;Buderus, Германия;Buderus;Германия;csv:Марки ВЭМ.csv;W302 ISODISC|ORVAR 2M|1.2344;0,39;5,30;1,30;0,95;;;;0,40;1,10;;;;;;
W302 ISOBLOC;Bohler, Австрия;Bohler;Австрия;csv:Марки ВЭМ.csv;ORVAR SUPREME|1.2344;0,39;5,20;1,40;0,95;;;;0,40;1,10;;;;;;
ORVAR SUPREME;Uddeholm, Швеция;Uddeholm;Швеция;csv:Марки ВЭМ.csv;W302 ISOBLOC|1.2344;0,39;5,20;1,40;0,95;;;;0,40;1,10;;;;;;
ORVAR SUPERIOR;Uddeholm, Швеция;Uddeholm;Швеция;csv:Марки ВЭМ.csv;1.2344;0,39;5,20;1,40;0,95;;;;0,40;1,00;;;;;;
W350 ISOBLOC;Bohler, Австрия;Bohler;Австрия;csv:Марки ВЭМ.csv;1.2343;0,38;5,00;1,75;0,55;;;;0,55;0,21;;;;;;+N
QRO 90 SUPREME/ QRO 90 HT;Uddeholm, Швеция;Uddeholm;Швеция;csv:Марки ВЭМ.csv;;0,38;2,60;2,25;0,90;;;;0,75;0,30;;;;;;
HWS Supreme;Buderus, Германия;Buderus;Германия;csv:Марки ВЭМ.csv;;0,31;5,00;1,75;1,05;;;0,30;0,25;0,30;;;;;;
W303 ISODISC;Bohler, Австрия;Bohler;Австрия;csv:Марки ВЭМ.csv;ExStahl SuperClean|1.2367;0,38;5,00;2,80;0,55;;;;0,40;0,40;;;;;;
ExStahl SuperClean;Buderus, Германия;Buderus;Германия;csv:Марки ВЭМ.csv;W303 ISODISC|1.2367;0,38;5,00;2,80;0,55;;;;0,40;0,40;;;;;;
1.2367;EN, Европа;;Европа;csv:Марки ВЭМ.csv;W303 ISODISC|ExStahl SuperClean;0,38;5,00;2,80;0,55;;;;0,40;0,40;;;;;;
FORMVAR (DIEVAR);Uddeholm, Швеция;Uddeholm;Швеция;csv:Марки ВЭМ.csv;1.2367;0,35;5,00;2,30;0,53;;;0,04;0,50;0,21;;;;;;
DIEVAR;Uddeholm, Швеция;Uddeholm;Швеция;csv:Марки ВЭМ.csv;1.2367;0,35;5,00;2,30;0,60;;;;0,50;0,20;;;;;;
W403 VMR;Bohler, Австрия;Bohler;Австрия;csv:Марки ВЭМ.csv;1.2367;0,38;5,00;2,80;0,65;;;;0,25;0,20;;;;;;
UNIMAX;Uddeholm, Швеция;Uddeholm;Швеция;csv:Марки ВЭМ.csv;;0,50;5,00;2,30;0,50;;;;0,50;0,20;;;;;;
W360 ISOBLOC;Bohler, Австрия;Bohler;Австрия;csv:Марки ВЭМ.csv;HWR MAX;0,50;5,00;3,00;0,55;;;;0,30;0,20;;;;;;
HWR MAX;Buderus, Германия;Buderus;Германия;csv:Марки ВЭМ.csv;W360 ISOBLOC;0,50;5,00;3,00;0,55;;;;0,30;0,20;;;;;;
W100;Bohler, Австрия;Bohler;Австрия;csv:Марки ВЭМ.csv;1.2581;0,29;2,70;;0,35;8,50;;;0,30;0,25;;;;;;
1.2581;EN, Европа;;Европа;csv:Марки ВЭМ.csv;W100;0,29;2,70;;0,35;8,50;;;0,30;0,25;;;;;;
SR 1855;Uddeholm, Швеция;Uddeholm;Швеция;csv:Марки ВЭМ.csv;1.2108;1,0;1,0;;;;;;0,8;1,5;;;;;;
К245;Bohler, Австрия;Bohler;Австрия;csv:Марки ВЭМ.csv;1.2101;0,63;0,6;;;;;;1,1;1,1;;;;;;
CALMAX / CARMO;Uddeholm, Швеция;Uddeholm;Швеция;csv:Марки ВЭМ.csv;1.2358;0,6;4,5;0,5;0,2;;;;0,8;0,35;;;;;;
К329;Bohler, Австрия;Bohler;Австрия;csv:Марки ВЭМ.csv;CHIPPER, VIKING|1.2631;0,52;8,0;1,4;0,45;;;;0,4;0,95;;;;;;
CHIPPER, VIKING;Uddeholm, Швеция;Uddeholm;Швеция;csv:Марки ВЭМ.csv;К329|1.2631;0,52;8,0;1,4;0,45;;;;0,4;0,95;;;;;;
2842;Buderus, Германия;Buderus;Германия;csv:Марки ВЭМ.csv;K720|1.2842;0,9;0,35;;0,1;;;;2,0;0,25;;;;;;
ARNE;Uddeholm, Швеция;Uddeholm;Швеция;csv:Марки ВЭМ.csv;K460|2510|1.2510;0,95;0,6;;0,1;0,6;;;1,1;0,3;;;;;;
2510;Buderus, Германия;Buderus;Германия;csv:Марки ВЭМ.csv;K460|ARNE|1.2510;0,95;0,6;;0,1;0,6;;;1,1;0,3;;;;;;
RIGOR;Uddeholm, Швеция;Uddeholm;Швеция;csv:Марки ВЭМ.csv;K305|2363 ISO-B|1.2363;1,0;5,3;1,1;0,2;;;;0,6;0,3;;;;;;
2363 ISO-B;Buderus, Германия;Buderus;Германия;csv:Марки ВЭМ.csv;K305|RIGOR|1.2363;1,0;5,3;1,1;0,2;;;;0,6;0,3;;;;;;
2080;Buderus, Германия;Buderus;Германия;csv:Марки ВЭМ.csv;K100|1.2080;2,0;11,5;;;;;;0,4;0,3;;;;;;
К105;Bohler, Австрия;Bohler;Австрия;csv:Марки ВЭМ.csv;2601|1.2601;1,6;11,5;0,6;0,3;0,5;;;0,3;0,35;;;;;;
К107;Bohler, Австрия;Bohler;Австрия;csv:Марки ВЭМ.csv;SVERKER 3|2436 ISO-B|1.2436;2,1;12;;;1;;;0,6;0,3;;;;;;
SVERKER 3;Uddeholm, Швеция;Uddeholm;Швеция;csv:Марки ВЭМ.csv;К107|2436 ISO-B|1.2436;2,1;12;;;1;;;0,6;0,3;;;;;;
2436 ISO-B;Buderus, Германия;Buderus;Германия;csv:Марки ВЭМ.csv;К107|SVERKER 3|1.2436;2,1;12;;;1;;;0,6;0,3;;;;;;
К110;Bohler, Австрия;Bohler;Австрия;csv:Марки ВЭМ.csv;SVERKER 21|2379 ISO-B|1.2379;1,55;11,5;0,8;0,8;;;;0,4;0,3;;;;;;
SVERKER 21;Uddeholm, Швеция;Uddeholm;Швеция;csv:Марки ВЭМ.csv;К110|2379 ISO-B|1.2379;1,55;11,5;0,8;0,8;;;;0,4;0,3;;;;;;
2379 ISO-B;Buderus, Германия;Buderus;Германия;csv:Марки ВЭМ.csv;К110|SVERKER 21|1.2379;1,55;11,5;0,8;0,8;;;;0,4;0,3;;;;;;
CALDIE;Uddeholm, Швеция;Uddeholm;Швеция;csv:Марки ВЭМ.csv;;0,7;5,0;2,3;0,5;;;;0,5;0,2;;;;;;
SLEIPNER;Uddeholm, Швеция;Uddeholm;Швеция;csv:Марки ВЭМ.csv;;0,9;7,8;2,5;0,45;;;;0,5;0,9;;;;;;
K340 ISODUR;Bohler, Австрия;Bohler;Австрия;csv:Марки ВЭМ.csv;;1,1;8,3;2,1;0,5;;;;0,4;0,9;;;;;;+Al, Nb
K360 ISODUR;Bohler, Австрия;Bohler;Австрия;csv:Марки ВЭМ.csv;;1,25;8,75;2,7;1,18;;;;0,35;0,9;;;;;;+Al, Nb
K890 Microclean;Bohler, Австрия;Bohler;Австрия;csv:Марки ВЭМ.csv;;0,85;4,35;2,8;2,1;2,55;;;0,4;0,55;;;;;;Co=4,5
K490 Microclean;Bohler, Австрия;Bohler;Австрия;csv:Марки ВЭМ.csv;;1,4;6,4;1,5;3,7;3,5;;;;;;;;;;+Nb
VANADIS 4 Extra;Uddeholm, Швеция;Uddeholm;Швеция;csv:Марки ВЭМ.csv;;1,4;4,7;3,5;3,7;;;;0,4;0,4;;;;;;
VANADIS 8;Uddeholm, Швеция;Uddeholm;Швеция;csv:Марки ВЭМ.csv;;2,3;4,8;3,6;8,0;;;;0,4;0,4;;;;;;
K390 Microclean;Bohler, Австрия;Bohler;Австрия;csv:Марки ВЭМ.csv;;2,47;4,2;3,8;9,0;1,0;;0,2;0,4;0,55;;;;;;Co=2,0
VANCRON SUPERCLEAN;Uddeholm, Швеция;Uddeholm;Швеция;csv:Марки ВЭМ.csv;;1,3;4,5;1,8;10,0;3,7;;;0,4;0,5;;;;;;N=1,8
S630;Bohler, Австрия;Bohler;Австрия;csv:Марки ВЭМ.csv;1.3343;1,0;4,0;4,0;2,0;4,0;;;0,4;0,45;;;;;;Al=0,5
S730;Bohler, Австрия;Bohler;Австрия;csv:Марки ВЭМ.csv;1.3243;0,94;4,1;4,2;2,0;4,3;;;0,3;0,4;;;;;;Co=4,75Al=0,5
S690 Microclean (S693);Bohler, Австрия;Bohler;Австрия;csv:Марки ВЭМ.csv;1.3351;1,35;4,1;5,0;4,1;5,9;;;0,3;0,6;;;;;;
S790 Microclean;Bohler, Австрия;Bohler;Австрия;csv:Марки ВЭМ.csv;VANADIS 23|1.3345ASP 2023;1,29;4,2;5,0;3,1;6,4;;;0,3;0,6;;;;;;
VANADIS 23;Uddeholm, Швеция;Uddeholm;Швеция;csv:Марки ВЭМ.csv;S790 Microclean|1.3345ASP 2023;1,29;4,2;5,0;3,1;6,4;;;0,3;0,6;;;;;;
1.3345ASP 2023;EN, Европа;;Европа;csv:Марки ВЭМ.csv;S790 Microclean|VANADIS 23;1,29;4,2;5,0;3,1;6,4;;;0,3;0,6;;;;;;
VANADIS 30;Uddeholm, Швеция;Uddeholm;Швеция;csv:Марки ВЭМ.csv;S590 Microclean|1.3244ASP 2030;1,29;4,2;5,0;3,1;6,4;;;0,3;0,6;;;;;;Co=8,4Co=8,5
1.3244ASP 2030;EN, Европа;;Европа;csv:Марки ВЭМ.csv;S590 Microclean|VANADIS 30;1,29;4,2;5,0;3,1;6,4;;;0,3;0,6;;;;;;Co=8,4Co=8,5
VANADIS 60;Uddeholm, Швеция;Uddeholm;Швеция;csv:Марки ВЭМ.csv;1.3241ASP 2060;2,3;4,2;7;6,5;6,5;;;0,3;0,6;;;;;;Co=10,5
1.3241ASP 2060;EN, Европа;;Европа;csv:Марки ВЭМ.csv;VANADIS 60;2,3;4,2;7;6,5;6,5;;;0,3;0,6;;;;;;Co=10,5
S290 Microclean;Bohler, Австрия;Bohler;Австрия;csv:Марки ВЭМ.csv;;2,0;3,8;2,5;5,1;14,3;;;0,3;0,5;;;;;;Co=11,0
MC90;Bohler, Австрия;Bohler;Австрия;csv:Марки ВЭМ.csv;;;;15,0;;;;;0,2;0,6;;;;;;Co=25
201;AISI, США;;США;csv:Аустенитные стали.csv;S20100|1.4372;0,15;16,0-18,0;;;;;3,5-5,5;5,5-7,5;1,00;0,03;0,06;;;0,25 N;
S20100;UNS, США;;США;csv:Аустенитные стали.csv;201|1.4372;0,15;16,0-18,0;;;;;3,5-5,5;5,5-7,5;1,00;0,03;0,06;;;0,25 N;
1.4372;EN, Европа;;Европа;csv:Аустенитные стали.csv;201|S20100;0,15;16,0-18,0;;;;;3,5-5,5;5,5-7,5;1,00;0,03;0,06;;;0,25 N;
202;AISI, США;;США;csv:Аустенитные стали.csv;S20200|1.4373;0,15;17,0-19,0;;;;;4,0-6,0;7,5-10,0;1,00;0,03;0,06;;;0,25 N;
S20200;UNS, США;;США;csv:Аустенитные стали.csv;202|1.4373;0,15;17,0-19,0;;;;;4,0-6,0;7,5-10,0;1,00;0,03;0,06;;;0,25 N;
1.4373;EN, Европа;;Европа;csv:Аустенитные стали.csv;202|S20200;0,15;17,0-19,0;;;;;4,0-6,0;7,5-10,0;1,00;0,03;0,06;;;0,25 N;
1.4319;EN, Европа;;Европа;csv:Аустенитные стали.csv;302|S30200;0,15;17,0-19,0;;;;;8,0-10,0;2,0;1,00;0,03;0,045;;;;
302B;AISI, США;;США;csv:Аустенитные стали.csv;S30215;0,15;17,0-19,0;;;;;8,0-10,0;2,0;2,0-3,0;0,03;0,045;;;;
S30215;UNS, США;;США;csv:Аустенитные стали.csv;302B;0,15;17,0-19,0;;;;;8,0-10,0;2,0;2,0-3,0;0,03;0,045;;;;
303Se;AISI, США;;США;csv:Аустенитные стали.csv;S30323;0,15;17,0-19,0;;;;;8,0-10,0;2,0;1,00;0,06;0,20;;;;0,15 Se min
S30323;UNS, США;;США;csv:Аустенитные стали.csv;303Se;0,15;17,0-19,0;;;;;8,0-10,0;2,0;1,00;0,06;0,20;;;;0,15 Se min
304H;AISI, США;;США;csv:Аустенитные стали.csv;S30409|1.4948;0,04-0,10;18,0-20,0;;;;;8,0-10,5;2,0;1,00;0,03;0,045;;;;
S30409;UNS, США;;США;csv:Аустенитные стали.csv;304H|1.4948;0,04-0,10;18,0-20,0;;;;;8,0-10,5;2,0;1,00;0,03;0,045;;;;
1.4948;EN, Европа;;Европа;csv:Аустенитные стали.csv;304H|S30409;0,04-0,10;18,0-20,0;;;;;8,0-10,5;2,0;1,00;0,03;0,045;;;;
304L;AISI, США;;США;csv:Аустенитные стали.csv;S30403|1.4306;0,03;18,0-20,0;;;;;8,0-12,0;2,0;1,00;0,03;0,045;;;;
S30403;UNS, США;;США;csv:Аустенитные стали.csv;304L|1.4306;0,03;18,0-20,0;;;;;8,0-12,0;2,0;1,00;0,03;0,045;;;;
1.4306;EN, Европа;;Европа;csv:Аустенитные стали.csv;304L|S30403;0,03;18,0-20,0;;;;;8,0-12,0;2,0;1,00;0,03;0,045;;;;
304LN;AISI, США;;США;csv:Аустенитные стали.csv;S30453|1.4311;0,03;18,0-20,0;;;;;8,0-12,0;2,0;1,00;0,03;0,045;;;0,10-0,16 N;
S30453;UNS, США;;США;csv:Аустенитные стали.csv;304LN|1.4311;0,03;18,0-20,0;;;;;8,0-12,0;2,0;1,00;0,03;0,045;;;0,10-0,16 N;
1.4311;EN, Европа;;Европа;csv:Аустенитные стали.csv;304LN|S30453;0,03;18,0-20,0;;;;;8,0-12,0;2,0;1,00;0,03;0,045;;;0,10-0,16 N;
304N;AISI, США;;США;csv:Аустенитные стали.csv;S30451;0,08;18,0-20,0;;;;;8,0-10,5;2,0;1,00;0,03;0,045;;;0,10-0,16 N;
S30451;UNS, США;;США;csv:Аустенитные стали.csv;304N;0,08;18,0-20,0;;;;;8,0-10,5;2,0;1,00;0,03;0,045;;;0,10-0,16 N;
305;AISI, США;;США;csv:Аустенитные стали.csv;S30500|1.4303;0,12;17,0-19,0;;;;;10,0-13,0;2,0;1,00;0,03;0,045;;;;
S30500;UNS, США;;США;csv:Аустенитные стали.csv;305|1.4303;0,12;17,0-19,0;;;;;10,0-13,0;2,0;1,00;0,03;0,045;;;;
1.4303;EN, Европа;;Европа;csv:Аустенитные стали.csv;305|S30500;0,12;17,0-19,0;;;;;10,0-13,0;2,0;1,00;0,03;0,045;;;;
308;AISI, США;;США;csv:Аустенитные стали.csv;S30800;0,08;19,0-21,0;;;;;10,0-12,0;2,0;1,00;0,03;0,045;;;;
S30800;UNS, США;;США;csv:Аустенитные стали.csv;308;0,08;19,0-21,0;;;;;10,0-12,0;2,0;1,00;0,03;0,045;;;;
Alleima® 253 MA;AISI, США;;США;csv:Аустенитные стали.csv;S30815|1.4835;0,05-0,10;20,0-22,0;0,75-1,50;;;;10,0-12,0;≤2,00;1,40-2,00;≤0,015;≤0,040;;;0,14-0,20;"Ce: 0,03-0,08; Nb: ≤0,10"
S30815;UNS, США;;США;csv:Аустенитные стали.csv;Alleima® 253 MA|1.4835;0,05-0,10;20,0-22,0;0,75-1,50;;;;10,0-12,0;≤2,00;1,40-2,00;≤0,015;≤0,040;;;0,14-0,20;"Ce: 0,03-0,08; Nb: ≤0,10"
1.4835;EN, Европа;;Европа;csv:Аустенитные стали.csv;Alleima® 253 MA|S30815;0,05-0,10;20,0-22,0;0,75-1,50;;;;10,0-12,0;≤2,00;1,40-2,00;≤0,015;≤0,040;;;0,14-0,20;"Ce: 0,03-0,08; Nb: ≤0,10"
309;AISI, США;;США;csv:Аустенитные стали.csv;S30900|1.4828;0,20;22,0-24,0;;;;;12,0-15,0;2,0;1,00;0,03;0,045;;;;
S30900;UNS, США;;США;csv:Аустенитные стали.csv;309|1.4828;0,20;22,0-24,0;;;;;12,0-15,0;2,0;1,00;0,03;0,045;;;;
1.4828;EN, Европа;;Европа;csv:Аустенитные стали.csv;309|S30900;0,20;22,0-24,0;;;;;12,0-15,0;2,0;1,00;0,03;0,045;;;;
309S;AISI, США;;США;csv:Аустенитные стали.csv;S30908|1.4833;0,08;22,0-24,0;;;;;12,0-15,0;2,0;1,00;0,03;0,045;;;;
S30908;UNS, США;;США;csv:Аустенитные стали.csv;309S|1.4833;0,08;22,0-24,0;;;;;12,0-15,0;2,0;1,00;0,03;0,045;;;;
1.4833;EN, Европа;;Европа;csv:Аустенитные стали.csv;309S|S30908;0,08;22,0-24,0;;;;;12,0-15,0;2,0;1,00;0,03;0,045;;;;
310;AISI, США;;США;csv:Аустенитные стали.csv;S31000|1.4845;0,25;24,0-26,0;;;;;19,0-22,0;2,0;1,50;0,03;0,045;;;;
S31000;UNS, США;;США;csv:Аустенитные стали.csv;310|1.4845;0,25;24,0-26,0;;;;;19,0-22,0;2,0;1,50;0,03;0,045;;;;
1.4845;EN, Европа;;Европа;csv:Аустенитные стали.csv;310|S31000;0,25;24,0-26,0;;;;;19,0-22,0;2,0;1,50;0,03;0,045;;;;
Alleima® 2RE10;AISI, США;;США;csv:Аустенитные стали.csv;S31002|1.4333;0,015;24,0-26,0;0,10;;;;19,0-22,0;2,00;0,15;0,015;0,020;;;0,100;
S31002;UNS, США;;США;csv:Аустенитные стали.csv;Alleima® 2RE10|1.4333;0,015;24,0-26,0;0,10;;;;19,0-22,0;2,00;0,15;0,015;0,020;;;0,100;
1.4333;EN, Европа;;Европа;csv:Аустенитные стали.csv;Alleima® 2RE10|S31002;0,015;24,0-26,0;0,10;;;;19,0-22,0;2,00;0,15;0,015;0,020;;;0,100;
"310S
Alleima® 7RE10";AISI, США;;США;csv:Аустенитные стали.csv;S31008|1.4845;0,08;24,0-26,0;;;;;19,0-22,0;2,0;1,50;0,03;0,045;;;;
S31008;UNS, США;;США;csv:Аустенитные стали.csv;"310S
Alleima® 7RE10|1.4845";0,08;24,0-26,0;;;;;19,0-22,0;2,0;1,50;0,03;0,045;;;;
Alleima® 2RE69;AISI, США;;США;csv:Аустенитные стали.csv;S31050|1.4541;0,03;24,0-26,0;2,00-3,00;;;;21,0-23,0;2,00;0,50;0,010;0,030;;;0,100-0,160;
S31050;UNS, США;;США;csv:Аустенитные стали.csv;Alleima® 2RE69|1.4541;0,03;24,0-26,0;2,00-3,00;;;;21,0-23,0;2,00;0,50;0,010;0,030;;;0,100-0,160;
1.4541;EN, Европа;;Европа;csv:Аустенитные стали.csv;Alleima® 2RE69|S31050;0,03;24,0-26,0;2,00-3,00;;;;21,0-23,0;2,00;0,50;0,010;0,030;;;0,100-0,160;
314;AISI, США;;США;csv:Аустенитные стали.csv;S31400;0,25;23,0-26,0;;;;;19,0-22,0;2,0;1,5-3,0;0,03;0,045;;;;
S31400;UNS, США;;США;csv:Аустенитные стали.csv;314;0,25;23,0-26,0;;;;;19,0-22,0;2,0;1,5-3,0;0,03;0,045;;;;
316H;AISI, США;;США;csv:Аустенитные стали.csv;S31609|1.4401;0,04-0,10;16,0-18,0;2,0-3,0 Mo;;;;10,0-14,0;2,0;1,00;0,03;0,040;;;;
S31609;UNS, США;;США;csv:Аустенитные стали.csv;316H|1.4401;0,04-0,10;16,0-18,0;2,0-3,0 Mo;;;;10,0-14,0;2,0;1,00;0,03;0,040;;;;
317;AISI, США;;США;csv:Аустенитные стали.csv;S31700;0,08;18,0-20,0;3,0-4,0 Mo;;;;10,0-15,0;2,0;1,00;0,03;0,045;;;;
S31700;UNS, США;;США;csv:Аустенитные стали.csv;317;0,08;18,0-20,0;3,0-4,0 Mo;;;;10,0-15,0;2,0;1,00;0,03;0,045;;;;
317L;AISI, США;;США;csv:Аустенитные стали.csv;S31703|1.4438;0,03;18,0-20,0;3,0-4,0 Mo;;;;10,0-15,0;2,0;1,00;0,03;0,045;;;;
S31703;UNS, США;;США;csv:Аустенитные стали.csv;317L|1.4438;0,03;18,0-20,0;3,0-4,0 Mo;;;;10,0-15,0;2,0;1,00;0,03;0,045;;;;
1.4438;EN, Европа;;Европа;csv:Аустенитные стали.csv;317L|S31703;0,03;18,0-20,0;3,0-4,0 Mo;;;;10,0-15,0;2,0;1,00;0,03;0,045;;;;
321;AISI, США;;США;csv:Аустенитные стали.csv;S32100|1.4541;0,08;17,0-19,0;;;;;9,0-12,0;2,0;1,00;0,03;0,045;;;;5 × %C Ti min
S32100;UNS, США;;США;csv:Аустенитные стали.csv;321|1.4541;0,08;17,0-19,0;;;;;9,0-12,0;2,0;1,00;0,03;0,045;;;;5 × %C Ti min
329;AISI, США;;США;csv:Аустенитные стали.csv;S32900;0,20;23,0-28,0;1,0-2,0 Mo;;;;2,5-5,0;2,0;0,75;0,03;0,045;;;;
S32900;UNS, США;;США;csv:Аустенитные стали.csv;329;0,20;23,0-28,0;1,0-2,0 Mo;;;;2,5-5,0;2,0;0,75;0,03;0,045;;;;
347/347H;AISI, США;;США;csv:Аустенитные стали.csv;S34700|1.4550;0,08;17,0-19,0;;;;;9,0-13,0;≤2,00;≤1,00;≤0,030;≤0,045;;;;Nb: 10×C to 1,0
S34700;UNS, США;;США;csv:Аустенитные стали.csv;347/347H|1.4550;0,08;17,0-19,0;;;;;9,0-13,0;≤2,00;≤1,00;≤0,030;≤0,045;;;;Nb: 10×C to 1,0
1.4550;EN, Европа;;Европа;csv:Аустенитные стали.csv;347/347H|S34700;0,08;17,0-19,0;;;;;9,0-13,0;≤2,00;≤1,00;≤0,030;≤0,045;;;;Nb: 10×C to 1,0
Alleima® 353 MA;AISI, США;;США;csv:Аустенитные стали.csv;S35315|1.4835;0,05;25,0;1,20;;;;35,0;1,60;2,00;0,015;0,040;;;0,17;"Ce: 0,03-0,08; N: 0,17"
S35315;UNS, США;;США;csv:Аустенитные стали.csv;Alleima® 353 MA|1.4835;0,05;25,0;1,20;;;;35,0;1,60;2,00;0,015;0,040;;;0,17;"Ce: 0,03-0,08; N: 0,17"
Sanicro® 25;AISI, США;;США;csv:Аустенитные стали.csv;1.4959;0,10;22,5;3,6;;;;25,0;≤0,50;≤0,50;≤0,010;≤0,030;3,0;;0,23;"W: 1,5; Co: 1,5; Nb: 0,5"
1.4959;EN, Европа;;Европа;csv:Аустенитные стали.csv;Sanicro® 25;0,10;22,5;3,6;;;;25,0;≤0,50;≤0,50;≤0,010;≤0,030;3,0;;0,23;"W: 1,5; Co: 1,5; Nb: 0,5"
20 Cb3™;AISI, США;;США;csv:Аустенитные стали.csv;N08020|2.4660;0,07;19-21;2-3;;;;32-38;2;1;0,03;0,045;3-4;;;8 × %C ≤ Nb ≤ 1,0
N08020;UNS, США;;США;csv:Аустенитные стали.csv;20 Cb3™|2.4660;0,07;19-21;2-3;;;;32-38;2;1;0,03;0,045;3-4;;;8 × %C ≤ Nb ≤ 1,0
2.4660;EN, Европа;;Европа;csv:Аустенитные стали.csv;20 Cb3™|N08020;0,07;19-21;2-3;;;;32-38;2;1;0,03;0,045;3-4;;;8 × %C ≤ Nb ≤ 1,0
20 Mo6™;AISI, США;;США;csv:Аустенитные стали.csv;N08026|2.4858;0,03;22-26;5-6,7;;;;33-37;1;0,5;0,03;0,03;2-4;;;
N08026;UNS, США;;США;csv:Аустенитные стали.csv;20 Mo6™|2.4858;0,03;22-26;5-6,7;;;;33-37;1;0,5;0,03;0,03;2-4;;;
2.4858;EN, Европа;;Европа;csv:Аустенитные стали.csv;20 Mo6™|N08026;0,03;22-26;5-6,7;;;;33-37;1;0,5;0,03;0,03;2-4;;;
SANICRO™ 28;AISI, США;;США;csv:Аустенитные стали.csv;N08028|1.4563;0,03;26-28;3-4;;;;29,5-32,5;2,5;1;0,03;0,03;0,6-1,4;;;
N08028;UNS, США;;США;csv:Аустенитные стали.csv;SANICRO™ 28|1.4563;0,03;26-28;3-4;;;;29,5-32,5;2,5;1;0,03;0,03;0,6-1,4;;;
1.4563;EN, Европа;;Европа;csv:Аустенитные стали.csv;SANICRO™ 28|N08028;0,03;26-28;3-4;;;;29,5-32,5;2,5;1;0,03;0,03;0,6-1,4;;;
SANICRO™ 35;AISI, США;;США;csv:Аустенитные стали.csv;N08035;0,015;27,0-29,0;2,5-3,5;;;;33,0-37,0;≤1,50;≤0,50;≤0,030;≤0,040;1,0-2,5;;0,15-0,25;"Si: ≤0,50; Mn: ≤1,50; W: 3,5-5,0; Cu: 1,0-2,5; Co: ≤5,0"
N08035;UNS, США;;США;csv:Аустенитные стали.csv;SANICRO™ 35;0,015;27,0-29,0;2,5-3,5;;;;33,0-37,0;≤1,50;≤0,50;≤0,030;≤0,040;1,0-2,5;;0,15-0,25;"Si: ≤0,50; Mn: ≤1,50; W: 3,5-5,0; Cu: 1,0-2,5; Co: ≤5,0"
AL-6XN®;AISI, США;;США;csv:Аустенитные стали.csv;N08367|1.4547;0,03;20-22;6-7;;;;23,5-25,5;2;1;0,03;0,04;0,75;;0,18-0,25;8 × %C ≤ Nb ≤ 0,5
N08367;UNS, США;;США;csv:Аустенитные стали.csv;AL-6XN®|1.4547;0,03;20-22;6-7;;;;23,5-25,5;2;1;0,03;0,04;0,75;;0,18-0,25;8 × %C ≤ Nb ≤ 0,5
1.4547;EN, Европа;;Европа;csv:Аустенитные стали.csv;AL-6XN®|N08367;0,03;20-22;6-7;;;;23,5-25,5;2;1;0,03;0,04;0,75;;0,18-0,25;8 × %C ≤ Nb ≤ 0,5
JST™ 700;AISI, США;;США;csv:Аустенитные стали.csv;N08700;0,04;19-23;4,3-5,0;;;;24-26;2;1;0,03;0,03;0,5;;;
N08700;UNS, США;;США;csv:Аустенитные стали.csv;JST™ 700;0,04;19-23;4,3-5,0;;;;24-26;2;1;0,03;0,03;0,5;;;
904L;AISI, США;;США;csv:Аустенитные стали.csv;N08904|1.4539;0,02;19-23;4-5;;;;23-28;2;1;0,035;0,045;1-2;;;
N08904;UNS, США;;США;csv:Аустенитные стали.csv;904L|1.4539;0,02;19-23;4-5;;;;23-28;2;1;0,035;0,045;1-2;;;
1.4539;EN, Европа;;Европа;csv:Аустенитные стали.csv;904L|N08904;0,02;19-23;4-5;;;;23-28;2;1;0,035;0,045;1-2;;;
1925hMo, 25-6Mo™;AISI, США;;США;csv:Аустенитные стали.csv;N08925|1.4529;0,02;19-21;6-7;;;;24-26;1;0,5;0,03;0,045;0,8-1,5;;0,1-0,20;
N08925;UNS, США;;США;csv:Аустенитные стали.csv;1925hMo, 25-6Mo™|1.4529;0,02;19-21;6-7;;;;24-26;1;0,5;0,03;0,045;0,8-1,5;;0,1-0,20;
1.4529;EN, Европа;;Европа;csv:Аустенитные стали.csv;1925hMo, 25-6Mo™|N08925;0,02;19-21;6-7;;;;24-26;1;0,5;0,03;0,045;0,8-1,5;;0,1-0,20;
Alloy 926;AISI, США;;США;csv:Аустенитные стали.csv;N08926|1.4529;0,02;19-21;6-7;;;;24-26;2;0,5;0,01;0,03;0,5-1,5;;0,15-0,25;
N08926;UNS, США;;США;csv:Аустенитные стали.csv;Alloy 926|1.4529;0,02;19-21;6-7;;;;24-26;2;0,5;0,01;0,03;0,5-1,5;;0,15-0,25;
254SMO™;AISI, США;;США;csv:Аустенитные стали.csv;S31254|1.4547;0,02;19,5-20,5;6,0-6,5;;;;17,5-18,5;1;0,8;0,01;0,03;0,5-1,0;;0,18-0,22;
S31254;UNS, США;;США;csv:Аустенитные стали.csv;254SMO™|1.4547;0,02;19,5-20,5;6,0-6,5;;;;17,5-18,5;1;0,8;0,01;0,03;0,5-1,0;;0,18-0,22;
317LM;AISI, США;;США;csv:Аустенитные стали.csv;S31725;0,03;18-20;4-5;;;;13-17;2;0,75;0,03;0,045;;;;
S31725;UNS, США;;США;csv:Аустенитные стали.csv;317LM;0,03;18-20;4-5;;;;13-17;2;0,75;0,03;0,045;;;;
17-14-4 LN;AISI, США;;США;csv:Аустенитные стали.csv;S31726;0,03;17-20;4-5;;;;13,5-17,5;2;0,75;0,03;0,03;;;0,10-0,20;
S31726;UNS, США;;США;csv:Аустенитные стали.csv;17-14-4 LN;0,03;17-20;4-5;;;;13,5-17,5;2;0,75;0,03;0,03;;;0,10-0,20;
1.4460;EN, Европа;;Европа;csv:Дуплексные стали.csv;329|S32900;0,08;23,0-28,0;1,0-2,0;;;;2,5-5,0;1,00;;;;;;;
"3RE60
Alleima® 3RE60";AISI, США;;США;csv:Дуплексные стали.csv;S31500|1.4424;0,03;18,0-19,0;2,5-3,0;;;;4,3-5,2;;;;;;;0,05-0,1;
S31500;UNS, США;;США;csv:Дуплексные стали.csv;"3RE60
Alleima® 3RE60|1.4424";0,03;18,0-19,0;2,5-3,0;;;;4,3-5,2;;;;;;;0,05-0,1;
1.4424;EN, Европа;;Европа;csv:Дуплексные стали.csv;"3RE60
Alleima® 3RE60|S31500";0,03;18,0-19,0;2,5-3,0;;;;4,3-5,2;;;;;;;0,05-0,1;
U50;AISI, США;;США;csv:Дуплексные стали.csv;S32004|1.4362;0,04;20,5-22,5;2,0-3,0;;;;5,5-8,5;2,00;;;;1,0-2,0;;0,20;
S32004;UNS, США;;США;csv:Дуплексные стали.csv;U50|1.4362;0,04;20,5-22,5;2,0-3,0;;;;5,5-8,5;2,00;;;;1,0-2,0;;0,20;
1.4362;EN, Европа;;Европа;csv:Дуплексные стали.csv;U50|S32004;0,04;20,5-22,5;2,0-3,0;;;;5,5-8,5;2,00;;;;1,0-2,0;;0,20;
S32001;UNS, США;;США;csv:Дуплексные стали.csv;2304|1.4362;0,03;19,5-21,5;0,6;;;;1,0-3,0;4,0-6,0;;;;1,0;;0,05-0,17;
S32101;UNS, США;;США;csv:Дуплексные стали.csv;2304|1.4162;0,04;21,0-22,0;0,1-0,8;;;;1,35-1,7;4,0-6,0;;;;0,1-0,8;;0,20-0,25;
1.4162;EN, Европа;;Европа;csv:Дуплексные стали.csv;2304|S32101;0,04;21,0-22,0;0,1-0,8;;;;1,35-1,7;4,0-6,0;;;;0,1-0,8;;0,20-0,25;
S32202;UNS, США;;США;csv:Дуплексные стали.csv;2304|1.4062;0,03;21,5-24,0;0,45;;;;1,0-2,8;2,00;;;;;;0,18-0,26;
1.4062;EN, Европа;;Европа;csv:Дуплексные стали.csv;2304|S32202;0,03;21,5-24,0;0,45;;;;1,0-2,8;2,00;;;;;;0,18-0,26;
S82011;UNS, США;;США;csv:Дуплексные стали.csv;2304|1.4482;0,03;20,5-23,5;0,1-1,0;;;;1,0-2,0;2,0-3,0;;;;0,5;;0,15-0,27;
1.4482;EN, Европа;;Европа;csv:Дуплексные стали.csv;2304|S82011;0,03;20,5-23,5;0,1-1,0;;;;1,0-2,0;2,0-3,0;;;;0,5;;0,15-0,27;
"2304
SAF™ 2304";AISI, США;;США;csv:Дуплексные стали.csv;S32304|1.4362;0,03;21,5-24,5;0,05-0,6;;;;3,5-5,5;2,50;;;;0,05-0,60;;0,05-0,20;
S32304;UNS, США;;США;csv:Дуплексные стали.csv;"2304
SAF™ 2304|1.4362";0,03;21,5-24,5;0,05-0,6;;;;3,5-5,5;2,50;;;;0,05-0,60;;0,05-0,20;
1.4462;EN, Европа;;Европа;csv:Дуплексные стали.csv;2304;0,03;22,0-24,0;0,1-0,6;;;;3,5-5,5;2,00;;;;1,0-3,0;;0,05-0,20;
2205;AISI, США;;США;csv:Дуплексные стали.csv;S32003|1.4462;0,03;19,5-22,5;1,5-2,0;;;;3,0-4,0;2,00;;;;;;0,14-0,20;
S32003;UNS, США;;США;csv:Дуплексные стали.csv;2205|1.4462;0,03;19,5-22,5;1,5-2,0;;;;3,0-4,0;2,00;;;;;;0,14-0,20;
"2205
Sanmac® 2205";AISI, США;;США;csv:Дуплексные стали.csv;S31803;0,03;21,0-23,0;2,5-3,5;;;;4,5-6,5;2,00;;;;;;0,08-0,20;
S31803;UNS, США;;США;csv:Дуплексные стали.csv;"2205
Sanmac® 2205";0,03;21,0-23,0;2,5-3,5;;;;4,5-6,5;2,00;;;;;;0,08-0,20;
S32205;UNS, США;;США;csv:Дуплексные стали.csv;2205|1.4462;0,03;22,0-23,0;3,0-3,5;;;;4,5-6,5;2,00;;;;;;0,14-0,20;
44LN;AISI, США;;США;csv:Дуплексные стали.csv;S31200|1.4466;0,03;24,0-26,0;1,2-2,0;;;;5,5-6,5;2,00;;;;;;0,14-0,20;
S31200;UNS, США;;США;csv:Дуплексные стали.csv;44LN|1.4466;0,03;24,0-26,0;1,2-2,0;;;;5,5-6,5;2,00;;;;;;0,14-0,20;
1.4466;EN, Европа;;Европа;csv:Дуплексные стали.csv;44LN|S31200;0,03;24,0-26,0;1,2-2,0;;;;5,5-6,5;2,00;;;;;;0,14-0,20;
DP3;AISI, США;;США;csv:Дуплексные стали.csv;S31260|1.4662;0,03;24,0-26,0;2,5-3,5;;0,1-0,5;;5,5-7,5;1,00;;;;0,2-0,8;;0,10-0,30;
S31260;UNS, США;;США;csv:Дуплексные стали.csv;DP3|1.4662;0,03;24,0-26,0;2,5-3,5;;0,1-0,5;;5,5-7,5;1,00;;;;0,2-0,8;;0,10-0,30;
1.4662;EN, Европа;;Европа;csv:Дуплексные стали.csv;DP3|S31260;0,03;24,0-26,0;2,5-3,5;;0,1-0,5;;5,5-7,5;1,00;;;;0,2-0,8;;0,10-0,30;
25 Cr;AISI, США;;США;csv:Дуплексные стали.csv;S32506|1.4507;0,03;24,0-26,0;2,0-3,5;;0,05-0,30;;5,5-7,2;1,00;;;;;;0,10-0,30;
S32506;UNS, США;;США;csv:Дуплексные стали.csv;25 Cr|1.4507;0,03;24,0-26,0;2,0-3,5;;0,05-0,30;;5,5-7,2;1,00;;;;;;0,10-0,30;
1.4507;EN, Европа;;Европа;csv:Дуплексные стали.csv;25 Cr|S32506;0,03;24,0-26,0;2,0-3,5;;0,05-0,30;;5,5-7,2;1,00;;;;;;0,10-0,30;
S32520;UNS, США;;США;csv:Дуплексные стали.csv;25 Cr|1.4501;0,03;24,0-26,0;3,0-4,0;;;;5,5-8,0;1,50;;;;0,5-2,0;;0,23-0,35;
1.4501;EN, Европа;;Европа;csv:Дуплексные стали.csv;25 Cr|S32520;0,03;24,0-26,0;3,0-4,0;;;;5,5-8,0;1,50;;;;0,5-2,0;;0,23-0,35;
255;AISI, США;;США;csv:Дуплексные стали.csv;S32550|1.4507;0,04;24,0-27,0;2,9-3,9;;;;4,5-6,5;1,50;;;;1,5-2,5;;0,25;
S32550;UNS, США;;США;csv:Дуплексные стали.csv;255|1.4507;0,04;24,0-27,0;2,9-3,9;;;;4,5-6,5;1,50;;;;1,5-2,5;;0,25;
2507;AISI, США;;США;csv:Дуплексные стали.csv;S32750|1.4410;0,03;24,0-26,0;3,0-5,0;;;;6,0-8,0;1,20;;;;0,5;;0,24-0,32;
S32750;UNS, США;;США;csv:Дуплексные стали.csv;2507|1.4410;0,03;24,0-26,0;3,0-5,0;;;;6,0-8,0;1,20;;;;0,5;;0,24-0,32;
1.4410;EN, Европа;;Европа;csv:Дуплексные стали.csv;2507|S32750;0,03;24,0-26,0;3,0-5,0;;;;6,0-8,0;1,20;;;;0,5;;0,24-0,32;
Z100;AISI, США;;США;csv:Дуплексные стали.csv;S32760|1.4501;0,03;24,0-26,0;3,0-4,0;;0,5-1,0;;6,0-8,0;1,00;;;;0,5-1,0;;0,20-0,30;
S32760;UNS, США;;США;csv:Дуплексные стали.csv;Z100|1.4501;0,03;24,0-26,0;3,0-4,0;;0,5-1,0;;6,0-8,0;1,00;;;;0,5-1,0;;0,20-0,30;
S32808;UNS, США;;США;csv:Дуплексные стали.csv;2507;0,03;27,0-27,9;0,8-1,2;;2,1-2,5;;7,0-8,2;1,10;;;;;;0,30-0,40;
"2507
Safurex®";AISI, США;;США;csv:Дуплексные стали.csv;S32906|1.4477;0,03;28,0-30,0;1,5-2,6;;;;5,8-7,5;0,80-1,5;;;;0,8;;0,30-0,40;
S32906;UNS, США;;США;csv:Дуплексные стали.csv;"2507
Safurex®|1.4477";0,03;28,0-30,0;1,5-2,6;;;;5,8-7,5;0,80-1,5;;;;0,8;;0,30-0,40;
1.4477;EN, Европа;;Европа;csv:Дуплексные стали.csv;"2507
Safurex®|S32906";0,03;28,0-30,0;1,5-2,6;;;;5,8-7,5;0,80-1,5;;;;0,8;;0,30-0,40;
7MoPLUS;AISI, США;;США;csv:Дуплексные стали.csv;S32950|1.4477;0,03;26,0-29,0;1,0-2,5;;;;3,5-5,2;2,00;;;;;;0,15-0,35;
S32950;UNS, США;;США;csv:Дуплексные стали.csv;7MoPLUS|1.4477;0,03;26,0-29,0;1,0-2,5;;;;3,5-5,2;2,00;;;;;;0,15-0,35;
S39274;UNS, США;;США;csv:Дуплексные стали.csv;2507;0,03;24,0-26,0;2,5-3,5;;1,5-2,5;;6,8-8,8;1,00;;;;0,2-0,8;;0,24-0,32;
S39277;UNS, США;;США;csv:Дуплексные стали.csv;2507;0,025;24,0-26,0;3,0-4,0;;0,8-1,2;;6,5-8,0;0,80;;;;1,2-2,0;;0,23-0,33;
SAF™ 2707 HD;AISI, США;;США;csv:Дуплексные стали.csv;S32707|1.4658;0,03;26,0-29,0;4,0-5,0;;;;5,5-9,5;1,50;;;;1,0;;0,30-0,50;Co ≤1,0
S32707;UNS, США;;США;csv:Дуплексные стали.csv;SAF™ 2707 HD|1.4658;0,03;26,0-29,0;4,0-5,0;;;;5,5-9,5;1,50;;;;1,0;;0,30-0,50;Co ≤1,0
1.4658;EN, Европа;;Европа;csv:Дуплексные стали.csv;SAF™ 2707 HD|S32707;0,03;26,0-29,0;4,0-5,0;;;;5,5-9,5;1,50;;;;1,0;;0,30-0,50;Co ≤1,0
SAF™ 3207 HD;AISI, США;;США;csv:Дуплексные стали.csv;S33207;0,03;29,0-33,0;3,0-5,0;;;;6,0-9,0;1,50;;;;1,0;;0,40-0,60;
S33207;UNS, США;;США;csv:Дуплексные стали.csv;SAF™ 3207 HD;0,03;29,0-33,0;3,0-5,0;;;;6,0-9,0;1,50;;;;1,0;;0,40-0,60;
403;AISI, США;;США;csv:Мартенситные.csv;S40300|1.4000;0,15;11,5-13,0;;;;;;1;0,5;0,03;0,04;;;;
S40300;UNS, США;;США;csv:Мартенситные.csv;403|1.4000;0,15;11,5-13,0;;;;;;1;0,5;0,03;0,04;;;;
1.4000;EN, Европа;;Европа;csv:Мартенситные.csv;403|S40300;0,15;11,5-13,0;;;;;;1;0,5;0,03;0,04;;;;
410D;AISI, США;;США;csv:Мартенситные.csv;S41001;0,01–0,03;11,5–12,5;;;;;0,40 макс.;0,20–0,60;0,50 макс.;0,03 макс.;0,04 макс.;;;;N: 0,03–0,08%
S41001;UNS, США;;США;csv:Мартенситные.csv;410D;0,01–0,03;11,5–12,5;;;;;0,40 макс.;0,20–0,60;0,50 макс.;0,03 макс.;0,04 макс.;;;;N: 0,03–0,08%
414;AISI, США;;США;csv:Мартенситные.csv;S41400;0,15;11,5-13,5;;;;;1,25-2,50;1;1;0,03;0,04;;;;
S41400;UNS, США;;США;csv:Мартенситные.csv;414;0,15;11,5-13,5;;;;;1,25-2,50;1;1;0,03;0,04;;;;
F6NM;AISI, США;;США;csv:Мартенситные.csv;S41500;0,05 макс.;11,5–14,0;;;;;3,5–5,5;0,50–1,00;0,60 макс.;0,030 макс.;0,030 макс.;;;;Mo: 0,50–1,00%
S41500;UNS, США;;США;csv:Мартенситные.csv;F6NM;0,05 макс.;11,5–14,0;;;;;3,5–5,5;0,50–1,00;0,60 макс.;0,030 макс.;0,030 макс.;;;;Mo: 0,50–1,00%
422;AISI, США;;США;csv:Мартенситные.csv;S42200;0,20-0,25;11,0-13,0;;;;;0,5-1,0;1;0,75;0,025;0,025;;;;"0,75-1,25 Mo; 0,75-1,25 W; 0,15-0,3 V"
S42200;UNS, США;;США;csv:Мартенситные.csv;422;0,20-0,25;11,0-13,0;;;;;0,5-1,0;1;0,75;0,025;0,025;;;;"0,75-1,25 Mo; 0,75-1,25 W; 0,15-0,3 V"
431;AISI, США;;США;csv:Мартенситные.csv;S43100|1.4057;0,2;15,0-17,0;;;;;1,25-2,50;1;1;0,03;0,04;;;;
S43100;UNS, США;;США;csv:Мартенситные.csv;431|1.4057;0,2;15,0-17,0;;;;;1,25-2,50;1;1;0,03;0,04;;;;
1.4057;EN, Европа;;Европа;csv:Мартенситные.csv;431|S43100;0,2;15,0-17,0;;;;;1,25-2,50;1;1;0,03;0,04;;;;
CA-6NM;AISI, США;;США;csv:Мартенситные.csv;J91540;0,06;11,5-14,0;;;;;3,5-4,5;1;1;0,03;0,04;;;;0,40-1,0 Mo
J91540;UNS, США;;США;csv:Мартенситные.csv;CA-6NM;0,06;11,5-14,0;;;;;3,5-4,5;1;1;0,03;0,04;;;;0,40-1,0 Mo
CA-15;AISI, США;;США;csv:Мартенситные.csv;J91150;0,15;11,5-14,0;;;;;1;1;1,5;0,03;0,03;;;;0,5 Mo
J91150;UNS, США;;США;csv:Мартенситные.csv;CA-15;0,15;11,5-14,0;;;;;1;1;1,5;0,03;0,03;;;;0,5 Mo
CA-40;AISI, США;;США;csv:Мартенситные.csv;J91153;0,20-0,40;11,5-14,0;;;;;1;1;1,5;0,03;0,03;;;;0,5 Mo
J91153;UNS, США;;США;csv:Мартенситные.csv;CA-40;0,20-0,40;11,5-14,0;;;;;1;1;1,5;0,03;0,03;;;;0,5 Mo
A387;AISI, США;;США;csv:Мартенситные.csv;-;0,05–0,15;0,50–0,80;;;;;;0,30–0,60;0,50 макс.;0,040 макс.;0,035 макс.;;;;Mo: 0,45–0,65%
Nickel 200;;;;csv:Спец сплавы.csv;N02200;0,08;;;;;;99,5;0,018;0,18;0,005;;0,13;;;"Fe 0,2; 0,03 Mg, 0,05"
N02200;UNS, США;;США;csv:Спец сплавы.csv;Nickel 200;0,08;;;;;;99,5;0,018;0,18;0,005;;0,13;;;"Fe 0,2; 0,03 Mg, 0,05"
Nickel 201;;;;csv:Спец сплавы.csv;N02201;0,01;;;;;;99,5;0,018;0,18;0,005;;0,13;;;Fe 0,2
N02201;UNS, США;;США;csv:Спец сплавы.csv;Nickel 201;0,01;;;;;;99,5;0,018;0,18;0,005;;0,13;;;Fe 0,2
Nickel 205;;;;csv:Спец сплавы.csv;N02205;0,01;;;;;;99,5;0,018;0,08;0,002;;0,03;;;Fe 0,10
N02205;UNS, США;;США;csv:Спец сплавы.csv;Nickel 205;0,01;;;;;;99,5;0,018;0,08;0,002;;0,03;;;Fe 0,10
Nickel 212;;;;csv:Спец сплавы.csv;;0,01;0,01;0,01;;;0,06;97,7;0,003;0,05;0,002;;0,01;;;"Fe 0,10; Al 0,01; MgO 0,08"
Nickel 222;;;;csv:Спец сплавы.csv;;0,01;<0,001;;;;;99,8;0,003;<0,001;<0,001;;<0,001;;;"Fe <0,001; Mg <0,001"
MONEL alloy 400;;;;csv:Спец сплавы.csv;N04400|2.4360;0,15;;;;;;63,0 мин.;1,00;0,5 макс.;0,024 макс.;;31,0;;;Fe 25 макс.
N04400;UNS, США;;США;csv:Спец сплавы.csv;MONEL alloy 400|2.4360;0,15;;;;;;63,0 мин.;1,00;0,5 макс.;0,024 макс.;;31,0;;;Fe 25 макс.
2.4360;EN, Европа;;Европа;csv:Спец сплавы.csv;MONEL alloy 400|N04400;0,15;;;;;;63,0 мин.;1,00;0,5 макс.;0,024 макс.;;31,0;;;Fe 25 макс.
MONEL alloy 500;;;;csv:Спец сплавы.csv;N05500|2.4375;0,15;;;;;;63,0 мин.;1,5 макс.;0,5;0,02 макс.;;30,0;;;"Fe 2,5 макс.; Al 2,9; Ti 0,6"
N05500;UNS, США;;США;csv:Спец сплавы.csv;MONEL alloy 500|2.4375;0,15;;;;;;63,0 мин.;1,5 макс.;0,5;0,02 макс.;;30,0;;;"Fe 2,5 макс.; Al 2,9; Ti 0,6"
2.4375;EN, Европа;;Европа;csv:Спец сплавы.csv;MONEL alloy 500|N05500;0,15;;;;;;63,0 мин.;1,5 макс.;0,5;0,02 макс.;;30,0;;;"Fe 2,5 макс.; Al 2,9; Ti 0,6"
Cast MONEL alloy;;;;csv:Спец сплавы.csv;;0,07;0,10 макс.;0,20 макс.;;;;63,0 мин.;0,75;0,04 макс.;0,02 макс.;;30,0;;;"Fe 2,5 макс.; Al 0,05 макс.; Ti 0,01 макс."
INCONEL alloy 600;;;;csv:Спец сплавы.csv;N06600|2.4816;≤0,15;14,0–17,0;;;;;≥72,0;≤1,0;≤0,5;≤0,015;;≤0,05;;;"Fe 6,0–10,0; Al –; Ti –; Nb + Ta: 3,65–4,15"
N06600;UNS, США;;США;csv:Спец сплавы.csv;INCONEL alloy 600|2.4816;≤0,15;14,0–17,0;;;;;≥72,0;≤1,0;≤0,5;≤0,015;;≤0,05;;;"Fe 6,0–10,0; Al –; Ti –; Nb + Ta: 3,65–4,15"
2.4816;EN, Европа;;Европа;csv:Спец сплавы.csv;INCONEL alloy 600|N06600;≤0,15;14,0–17,0;;;;;≥72,0;≤1,0;≤0,5;≤0,015;;≤0,05;;;"Fe 6,0–10,0; Al –; Ti –; Nb + Ta: 3,65–4,15"
INCONEL alloy 617;;;;csv:Спец сплавы.csv;N06617|2.4663;≤0,10;20,0–24,0;8,0–10,0;;;10,0–15,0;44,0–56,0;≤0,5;≤0,5;≤0,015;;≤0,3;;;"Fe ≤3,0; Al 0,8–1,5; Ti ≤0,6; B: ≤0,006, Zr: ≤0,01"
N06617;UNS, США;;США;csv:Спец сплавы.csv;INCONEL alloy 617|2.4663;≤0,10;20,0–24,0;8,0–10,0;;;10,0–15,0;44,0–56,0;≤0,5;≤0,5;≤0,015;;≤0,3;;;"Fe ≤3,0; Al 0,8–1,5; Ti ≤0,6; B: ≤0,006, Zr: ≤0,01"
2.4663;EN, Европа;;Европа;csv:Спец сплавы.csv;INCONEL alloy 617|N06617;≤0,10;20,0–24,0;8,0–10,0;;;10,0–15,0;44,0–56,0;≤0,5;≤0,5;≤0,015;;≤0,3;;;"Fe ≤3,0; Al 0,8–1,5; Ti ≤0,6; B: ≤0,006, Zr: ≤0,01"
INCONEL alloy 625;;;;csv:Спец сплавы.csv;N06625|2.4856;≤0,10;20,0–23,0;8,0–10,0;;;;58,0–63,0;≤0,5;≤0,5;≤0,015;;;;;"Fe ≤5,0; Al ≤0,4; Ti ≤0,4; Nb + Ta: 3,15–4,15"
N06625;UNS, США;;США;csv:Спец сплавы.csv;INCONEL alloy 625|2.4856;≤0,10;20,0–23,0;8,0–10,0;;;;58,0–63,0;≤0,5;≤0,5;≤0,015;;;;;"Fe ≤5,0; Al ≤0,4; Ti ≤0,4; Nb + Ta: 3,15–4,15"
2.4856;EN, Европа;;Европа;csv:Спец сплавы.csv;INCONEL alloy 625|N06625;≤0,10;20,0–23,0;8,0–10,0;;;;58,0–63,0;≤0,5;≤0,5;≤0,015;;;;;"Fe ≤5,0; Al ≤0,4; Ti ≤0,4; Nb + Ta: 3,15–4,15"
INCONEL alloy 718;;;;csv:Спец сплавы.csv;N07718|2.4668;≤0,08;17,0–21,0;2,8–3,3;;;≤1,0;50,0–55,0;≤0,35;≤0,35;≤0,015;;≤0,3;;;"Fe Остальное; Al 0,2–0,8; Ti 0,65–1,15; Nb + Ta: 4,75–5,5, B: ≤0,006"
N07718;UNS, США;;США;csv:Спец сплавы.csv;INCONEL alloy 718|2.4668;≤0,08;17,0–21,0;2,8–3,3;;;≤1,0;50,0–55,0;≤0,35;≤0,35;≤0,015;;≤0,3;;;"Fe Остальное; Al 0,2–0,8; Ti 0,65–1,15; Nb + Ta: 4,75–5,5, B: ≤0,006"
2.4668;EN, Европа;;Европа;csv:Спец сплавы.csv;INCONEL alloy 718|N07718;≤0,08;17,0–21,0;2,8–3,3;;;≤1,0;50,0–55,0;≤0,35;≤0,35;≤0,015;;≤0,3;;;"Fe Остальное; Al 0,2–0,8; Ti 0,65–1,15; Nb + Ta: 4,75–5,5, B: ≤0,006"
INCOLOY alloy 800;;;;csv:Спец сплавы.csv;N08800|1.4876;0,10 макс.;21,0;;;;;32,5;1,5 макс.;1,0 макс.;0,015 макс.;;0,75 макс.;;;"Fe Баланс; Al 0,38; Ti 0,30"
N08800;UNS, США;;США;csv:Спец сплавы.csv;INCOLOY alloy 800|1.4876;0,10 макс.;21,0;;;;;32,5;1,5 макс.;1,0 макс.;0,015 макс.;;0,75 макс.;;;"Fe Баланс; Al 0,38; Ti 0,30"
1.4876;EN, Европа;;Европа;csv:Спец сплавы.csv;INCOLOY alloy 800|N08800;0,10 макс.;21,0;;;;;32,5;1,5 макс.;1,0 макс.;0,015 макс.;;0,75 макс.;;;"Fe Баланс; Al 0,38; Ti 0,30"
"Alloy 800 HT
Sanicro® 31HT";;;;csv:Спец сплавы.csv;N08811|1.4959;0,07;20,5;;;;0,02 макс.;30,5;0,6;0,6;≤0,010;;;;;"Fe Баланс; Al 0,5; Ti 0,5"
N08811;UNS, США;;США;csv:Спец сплавы.csv;"Alloy 800 HT
Sanicro® 31HT|1.4959";0,07;20,5;;;;0,02 макс.;30,5;0,6;0,6;≤0,010;;;;;"Fe Баланс; Al 0,5; Ti 0,5"
INCOLOY alloy 825;;;;csv:Спец сплавы.csv;N08825|2.4858;0,05 макс.;21,5;3,0;;;;42,0;1,0 макс.;0,5 макс.;0,03 макс.;;2,25;;;"Fe Баланс; Al 0,20 макс.; Ti 0,9"
N08825;UNS, США;;США;csv:Спец сплавы.csv;INCOLOY alloy 825|2.4858;0,05 макс.;21,5;3,0;;;;42,0;1,0 макс.;0,5 макс.;0,03 макс.;;2,25;;;"Fe Баланс; Al 0,20 макс.; Ti 0,9"
INCOLOY alloy 904;;;;csv:Спец сплавы.csv;N08904|1.4539;0,025;14,5;;;;;32,5;0,25;0,25;0,015;;;;;"Fe Баланс; Al 0,1; Ti 1,6"
INCOLOY alloy DS;;;;csv:Спец сплавы.csv;;1,2;18,0;;;;;37,0;1,2;2,3 макс.;;;2,3 макс.;;;"Fe Баланс; Ti 0,20"
Hastalloy B;;;;csv:Спец сплавы.csv;N10001;0,10;0,6;28,0;;;1,25;Баланс;0,80;;;;;;;Fe 5,58
N10001;UNS, США;;США;csv:Спец сплавы.csv;Hastalloy B;0,10;0,6;28,0;;;1,25;Баланс;0,80;;;;;;;Fe 5,58
Hastalloy C;;;;csv:Спец сплавы.csv;N10276*;0,07;16,0;17,0;;;;Баланс;0,80;;;;;;;Fe 5,75
N10276*;UNS, США;;США;csv:Спец сплавы.csv;Hastalloy C;0,07;16,0;17,0;;;;Баланс;0,80;;;;;;;Fe 5,75
Hastalloy G;;;;csv:Спец сплавы.csv;N06007|2.4618;0,07;21,0-23,5;5,575;;;;Баланс;0,80;;;;;;;Fe 18,0-21,0
N06007;UNS, США;;США;csv:Спец сплавы.csv;Hastalloy G|2.4618;0,07;21,0-23,5;5,575;;;;Баланс;0,80;;;;;;;Fe 18,0-21,0
2.4618;EN, Европа;;Европа;csv:Спец сплавы.csv;Hastalloy G|N06007;0,07;21,0-23,5;5,575;;;;Баланс;0,80;;;;;;;Fe 18,0-21,0
Nimonic® 75;;;;csv:Спец сплавы.csv;N06075|2.4631;0,08-0,15;18,0-21,0;;;;;Бал.;;1,00 макс.;;;0,50 макс.;;;Ti 0,20-0,60
N06075;UNS, США;;США;csv:Спец сплавы.csv;Nimonic® 75|2.4631;0,08-0,15;18,0-21,0;;;;;Бал.;;1,00 макс.;;;0,50 макс.;;;Ti 0,20-0,60
2.4631;EN, Европа;;Европа;csv:Спец сплавы.csv;Nimonic® 75|N06075;0,08-0,15;18,0-21,0;;;;;Бал.;;1,00 макс.;;;0,50 макс.;;;Ti 0,20-0,60
Nimonic® 80A;;;;csv:Спец сплавы.csv;N07080|2.4632;- 0,10;18,0-21,0;;;;2,00 макс.;Бал.;1,00 макс.;1,00 макс.;0,015;;0,20 макс.;;;"Fe 3,00 макс.; Al 1,00-1,80; Ti 1,80-2,70; B 0,008, Zr 0,15, Pb 0,0025"
N07080;UNS, США;;США;csv:Спец сплавы.csv;Nimonic® 80A|2.4632;- 0,10;18,0-21,0;;;;2,00 макс.;Бал.;1,00 макс.;1,00 макс.;0,015;;0,20 макс.;;;"Fe 3,00 макс.; Al 1,00-1,80; Ti 1,80-2,70; B 0,008, Zr 0,15, Pb 0,0025"
2.4632;EN, Европа;;Европа;csv:Спец сплавы.csv;Nimonic® 80A|N07080;- 0,10;18,0-21,0;;;;2,00 макс.;Бал.;1,00 макс.;1,00 макс.;0,015;;0,20 макс.;;;"Fe 3,00 макс.; Al 1,00-1,80; Ti 1,80-2,70; B 0,008, Zr 0,15, Pb 0,0025"
Nimonic® 90;;;;csv:Спец сплавы.csv;"N07090|2.4969
2.4632";0.08–0.16;17.0–21.0;;;;15.0–21.0;Баланс;≤1.0;≤1.0;≤0.015;;≤0.5;;;"Fe ≤1.0; Al 1.0–2.0; Ti 2.0–2.6; B ≤0.01, Zr ≤0.07"
N07090;UNS, США;;США;csv:Спец сплавы.csv;"Nimonic® 90|2.4969
2.4632";0.08–0.16;17.0–21.0;;;;15.0–21.0;Баланс;≤1.0;≤1.0;≤0.015;;≤0.5;;;"Fe ≤1.0; Al 1.0–2.0; Ti 2.0–2.6; B ≤0.01, Zr ≤0.07"
"2.4969
2.4632";EN, Европа;;Европа;csv:Спец сплавы.csv;Nimonic® 90|N07090;0.08–0.16;17.0–21.0;;;;15.0–21.0;Баланс;≤1.0;≤1.0;≤0.015;;≤0.5;;;"Fe ≤1.0; Al 1.0–2.0; Ti 2.0–2.6; B ≤0.01, Zr ≤0.07"
Nitronic® 50;;;;csv:Спец сплавы.csv;S20910|1.3964;0,06 макс.;20,50-23,50;1,50-3,00;;;;11,50-13,50;4,00-6,00;1,00 макс.;0,03 макс.;;;;;"Fe Бал.; N 0,20-0,40, Nb 0,10-0,30, V 0,10-0,30"
S20910;UNS, США;;США;csv:Спец сплавы.csv;Nitronic® 50|1.3964;0,06 макс.;20,50-23,50;1,50-3,00;;;;11,50-13,50;4,00-6,00;1,00 макс.;0,03 макс.;;;;;"Fe Бал.; N 0,20-0,40, Nb 0,10-0,30, V 0,10-0,30"
1.3964;EN, Европа;;Европа;csv:Спец сплавы.csv;Nitronic® 50|S20910;0,06 макс.;20,50-23,50;1,50-3,00;;;;11,50-13,50;4,00-6,00;1,00 макс.;0,03 макс.;;;;;"Fe Бал.; N 0,20-0,40, Nb 0,10-0,30, V 0,10-0,30"
P550;;;;csv:Спец сплавы.csv;1.3813;0,30-0,50;3,00-5,00;;;;;;17,00-19,00;≤0,80;≤0,030;;;;;"Fe Баланс; 0,080-0,120 N, ≤0,100 P"
1.3813;EN, Европа;;Европа;csv:Спец сплавы.csv;P550;0,30-0,50;3,00-5,00;;;;;;17,00-19,00;≤0,80;≤0,030;;;;;"Fe Баланс; 0,080-0,120 N, ≤0,100 P"
P500;;;;csv:Спец сплавы.csv;1.4565;≤0,03;23,00-26,00;3,00-5,00;;;;16,00-19,00;3,50-6,50;≤1,00;≤0,015;;;;;"Fe Баланс; 0,300-0,600 N, ≤0,150 Nb, ≤0,030 P"
1.4565;EN, Европа;;Европа;csv:Спец сплавы.csv;P500;≤0,03;23,00-26,00;3,00-5,00;;;;16,00-19,00;3,50-6,50;≤1,00;≤0,015;;;;;"Fe Баланс; 0,300-0,600 N, ≤0,150 Nb, ≤0,030 P"
AMAGNIT 3890 mod;;;;csv:Спец сплавы.csv;;<0,05;13;0,5;;;;0,35;20;0,5;<0,005;;;;;"Fe Баланс; 0,3 N2"
X 3 MnCrNiMoN 20 13;;;;csv:Спец сплавы.csv;;≤0,06;18,3-20,0;≥0,50;;;;~13,0;20,5-21,6;;;;;;;"Fe Баланс; ≥0,60 N"
TWZ-3HS (P550);;;;csv:Спец сплавы.csv;;≤0,06;18,30-20,00;≥0,50;;;;1,40 мин;20,50-21,60;;;;;;;"Fe Баланс; ≥0,60 N"
405;AISI, США;;США;csv:Ферритные стали.csv;S40500|1.4002;0,08;11,5-14,5;;;;;;1;1;0,03;0,04;;;;0,10 - 0,30 Al
S40500;UNS, США;;США;csv:Ферритные стали.csv;405|1.4002;0,08;11,5-14,5;;;;;;1;1;0,03;0,04;;;;0,10 - 0,30 Al
1.4002;EN, Европа;;Европа;csv:Ферритные стали.csv;405|S40500;0,08;11,5-14,5;;;;;;1;1;0,03;0,04;;;;0,10 - 0,30 Al
409;AISI, США;;США;csv:Ферритные стали.csv;S40900|1.4512;0,08;10,5-11,75;;;;;;1;1;0,045;0,045;;;;Ti, 6 × %C min,
S40900;UNS, США;;США;csv:Ферритные стали.csv;409|1.4512;0,08;10,5-11,75;;;;;;1;1;0,045;0,045;;;;Ti, 6 × %C min,
1.4512;EN, Европа;;Европа;csv:Ферритные стали.csv;409|S40900;0,08;10,5-11,75;;;;;;1;1;0,045;0,045;;;;Ti, 6 × %C min,
429;AISI, США;;США;csv:Ферритные стали.csv;S42900|1.4510;0,12;14,0-16,0;;;;;;1;1;0,03;0,04;;;;
S42900;UNS, США;;США;csv:Ферритные стали.csv;429|1.4510;0,12;14,0-16,0;;;;;;1;1;0,03;0,04;;;;
1.4510;EN, Европа;;Европа;csv:Ферритные стали.csv;429|S42900;0,12;14,0-16,0;;;;;;1;1;0,03;0,04;;;;
430Ti;AISI, США;;США;csv:Ферритные стали.csv;S43036;0,1;16,0-19,5;;;;;0,75;1;1;0,03;0,04;;;;Ti, 5 × %C min,, 0,75 max
S43036;UNS, США;;США;csv:Ферритные стали.csv;430Ti;0,1;16,0-19,5;;;;;0,75;1;1;0,03;0,04;;;;Ti, 5 × %C min,, 0,75 max
436;AISI, США;;США;csv:Ферритные стали.csv;S43600;0,12;16,0-18,0;0,75 - 1,25;;;;;1;1;0,03;0,04;;;;(Nb+Ta), 5 × %C min
S43600;UNS, США;;США;csv:Ферритные стали.csv;436;0,12;16,0-18,0;0,75 - 1,25;;;;;1;1;0,03;0,04;;;;(Nb+Ta), 5 × %C min
439;AISI, США;;США;csv:Ферритные стали.csv;S43035|1.4510;0,07;17,0-19,0;;;;;0,5;1;1;0,03;0,04;;;0,04 N max;"0,15 Al max,;"
S43035;UNS, США;;США;csv:Ферритные стали.csv;439|1.4510;0,07;17,0-19,0;;;;;0,5;1;1;0,03;0,04;;;0,04 N max;"0,15 Al max,;"
442;AISI, США;;США;csv:Ферритные стали.csv;S44200|1.4762;0,2;18,0-23,0;;;;;;1;1;0,03;0,04;;;;Ti, 0,20 + 4(%C + %N) min
S44200;UNS, США;;США;csv:Ферритные стали.csv;442|1.4762;0,2;18,0-23,0;;;;;;1;1;0,03;0,04;;;;Ti, 0,20 + 4(%C + %N) min
1.4762;EN, Европа;;Европа;csv:Ферритные стали.csv;442|S44200;0,2;18,0-23,0;;;;;;1;1;0,03;0,04;;;;Ti, 0,20 + 4(%C + %N) min
444;AISI, США;;США;csv:Ферритные стали.csv;S44400|1.4521;0,025;17,5-19,5;;;;;1;1;1;0,03;0,04;;;;Ti, 0,20 + 4(%C + %N) min,
S44400;UNS, США;;США;csv:Ферритные стали.csv;444|1.4521;0,025;17,5-19,5;;;;;1;1;1;0,03;0,04;;;;Ti, 0,20 + 4(%C + %N) min,
1.4521;EN, Европа;;Европа;csv:Ферритные стали.csv;444|S44400;0,025;17,5-19,5;;;;;1;1;1;0,03;0,04;;;;Ti, 0,20 + 4(%C + %N) min,
446;AISI, США;;США;csv:Ферритные стали.csv;S44600|1.4762;0,2;23,0-27,0;;;;;;1,5;1;0,03;0,04;;;0,25 N;
S44600;UNS, США;;США;csv:Ферритные стали.csv;446|1.4762;0,2;23,0-27,0;;;;;;1,5;1;0,03;0,04;;;0,25 N;
26-1;AISI, США;;США;csv:Ферритные стали.csv;S44626;0,006;25,0-27,0;0,75 - 1,50;;;;0,5;0,75;0,75;0,02;0,04;;;0,04 N;0,20-1,0 Ti
S44626;UNS, США;;США;csv:Ферритные стали.csv;26-1;0,006;25,0-27,0;0,75 - 1,50;;;;0,5;0,75;0,75;0,02;0,04;;;0,04 N;0,20-1,0 Ti
29-4;AISI, США;;США;csv:Ферритные стали.csv;S44700;0,01;28,0-30,0;3,5 - 4,2;;;;0,15;0,2;0,3;0,02;0,025;;;;"0,020 Ni; 0,015 Cu"
S44700;UNS, США;;США;csv:Ферритные стали.csv;29-4;0,01;28,0-30,0;3,5 - 4,2;;;;0,15;0,2;0,3;0,02;0,025;;;;"0,020 Ni; 0,015 Cu"
29-4-2;AISI, США;;США;csv:Ферритные стали.csv;S44800;0,01;28,0-30,0;3,5 - 4,2;;;;2,0-2,5;0,2;0,3;0,02;0,025;;;;0,020 Ni, 0,015 Cu
S44800;UNS, США;;США;csv:Ферритные стали.csv;29-4-2;0,01;28,0-30,0;3,5 - 4,2;;;;2,0-2,5;0,2;0,3;0,02;0,025;;;;0,020 Ni, 0,015 Cu
CB-30;AISI, США;;США;csv:Ферритные стали.csv;J91803;0,3;18,0-21,0;;;;;2;1,5;1;0,04;0,04;;;;
J91803;UNS, США;;США;csv:Ферритные стали.csv;CB-30;0,3;18,0-21,0;;;;;2;1,5;1;0,04;0,04;;;;
CC-50;AISI, США;;США;csv:Ферритные стали.csv;J92616;0,5;26,0-30,0;;;;;4;1,5;1;0,04;0,04;;;;
J92616;UNS, США;;США;csv:Ферритные стали.csv;CC-50;0,5;26,0-30,0;;;;;4;1,5;1;0,04;0,04;;;;
1,4713;AISI, США;;США;csv:Ферритные стали.csv;-|1.4713;0,12;6,00-8,00;;;;;;1,00;0,50-1,00;0,015;0,040;;;;0,50-1,00 Al
1.4713;EN, Европа;;Европа;csv:Ферритные стали.csv;1,4713|-;0,12;6,00-8,00;;;;;;1,00;0,50-1,00;0,015;0,040;;;;0,50-1,00 Al
"1.4742
Alleima® 4C54";AISI, США;;США;csv:Ферритные стали.csv;-|1.4742;0,12;17,00-19,00;;;;;;1,00;0,70-1,40;0,015;0,040;;;;0,70-1,20 Al
1.4742;EN, Европа;;Европа;csv:Ферритные стали.csv;"1.4742
Alleima® 4C54|-";0,12;17,00-19,00;;;;;;1,00;0,70-1,40;0,015;0,040;;;;0,70-1,20 Al
E-BRITE®;AISI, США;;США;csv:Ферритные стали.csv;S44726;0,01;25-27;0,75-1,5;;;;0,3;0,4;0,4;0,02;0,02;;;0,015;0,05-0,20 Nb
S44726;UNS, США;;США;csv:Ферритные стали.csv;E-BRITE®;0,01;25-27;0,75-1,5;;;;0,3;0,4;0,4;0,02;0,02;;;0,015;0,05-0,20 Nb
MONIT™;AISI, США;;США;csv:Ферритные стали.csv;S44635;0,025;24,5-26;3,5-4,5;;;;3,5-4,5;1;0,75;0,02;0,04;;;0,035;[0,20 + 4(C + N)] ≤ (Nb + Ti) ≤ 0,80
S44635;UNS, США;;США;csv:Ферритные стали.csv;MONIT™;0,025;24,5-26;3,5-4,5;;;;3,5-4,5;1;0,75;0,02;0,04;;;0,035;[0,20 + 4(C + N)] ≤ (Nb + Ti) ≤ 0,80
SEA-CURE®;AISI, США;;США;csv:Ферритные стали.csv;S44660;0,025;25-27;2,5-3,5;;;;1,5-3,5;1;1;0,03;0,04;;;0,04;[0,20 + 4(C + N)] ≤ (Nb + Ti) ≤ 0,80
S44660;UNS, США;;США;csv:Ферритные стали.csv;SEA-CURE®;0,025;25-27;2,5-3,5;;;;1,5-3,5;1;1;0,03;0,04;;;0,04;[0,20 + 4(C + N)] ≤ (Nb + Ti) ≤ 0,80
AL 29-4;AISI, США;;США;csv:Ферритные стали.csv;S44700;0,01;28-30;3,5-4,2;;;;0,15;0,3;0,2;0,02;0,025;;;0,02;6(C + N) ≤ (Nb + Ti) ≤ 1,0
AL 29-4C;AISI, США;;США;csv:Ферритные стали.csv;S44735;0,03;28-30;3,6-4,2;;;;1;1;1;0,03;0,04;;;0,045;
S44735;UNS, США;;США;csv:Ферритные стали.csv;AL 29-4C;0,03;28-30;3,6-4,2;;;;1;1;1;0,03;0,04;;;0,045;
AL 29-4-2;AISI, США;;США;csv:Ферритные стали.csv;S44800;0,01;28-30;3,5-4,2;;;;2,0-2,5;0,3;0,2;0,02;0,02;;;0,02;
SHOMAC® 30-2;AISI, США;;США;csv:Ферритные стали.csv;—;0,003;30;2;;;;0,2;0,05;;;;;;0,007;
