grade;standard;manufacturer;country;source;c;cr;mo;v;w;co;ni;mn;si;s;p;cu;nb;n;tech
T30111A11;;;США;marki_stalei_check;2,40-2,50;;;9,25-10,25;0;;;;;0,050-0,090;;;;0;
PMA11A11;Carpenter, США;Carpenter;США;marki_stalei_check;2,40-2,50;;;9,25-10,25;0;;;;;0,05-0,09;;;;0;MM
PSF59A11;Carpenter, США;Carpenter;США;marki_stalei_check;2,40-2,50;;;9,25-10,25;0;;;;;0,05-0,09;;;;0;SF
Z-A11 PMA11;Zapp, Германия;Zapp;Германия;marki_stalei_check;2,40-2,50;;;9,25-10,25;0;;;;;0,050-0,090;;;;0;PM
HS6-5-4M4;;;Европа;marki_stalei_check;1,25-1,40;;;3,70-4,20;5,20-6,00;;;;;0,03;0,03;;;0;
T11304M4;;;США;marki_stalei_check;1,25-1,40;;;3,75-4,50;5,25-6,50;;;;;0,03;0,03;;;0;
Carpenter Four StarM4;Carpenter, США;Carpenter;США;marki_stalei_check;1,45;;;4;5,75;;;;;0,13;;;;0;
Micro-Melt M4M4;Carpenter, США;Carpenter;США;marki_stalei_check;1,45;;;4;5,75;;;;;0,13;;;;0;MM
PM M4M4;Diehl, США;Diehl;США;marki_stalei_check;1,25-1,40;;;3,75-4,50;5,25-6,50;;;;;0,03;0,03;;;0;
PMD M4M4;Dorrenberg, Германия;Dorrenberg;Германия;marki_stalei_check;1,35;;;4;5,8;;;;;;;;;0;PM
GPM4M4;Geruk, Германия;Geruk;Германия;marki_stalei_check;1,35;;;4,1;5,9;;;;;0,03;0,03;;;0;PM
LO-QPM M4M4;Lohmann, Германия;Lohmann;Германия;marki_stalei_check;1,4;;;4,1;5,5;;;;;;;;;0;PM
X100CrMoV5A2;;;Германия;marki_stalei_check;0,95-1,05;;;0,15-0,30;0;;;;;0,03;0,03;;;0;
1.2363A2;;;Германия;marki_stalei_check;0,95-1,05;;;0,15-0,30;0;;;;;0,03;0,03;;;0;
X100KUCrMoV51A2;;;Италия;marki_stalei_check;0,95-1,05;;;0,15-0,30;0;;;;;0,03;0,03;;;0;
T30102A2;;;США;marki_stalei_check;0,95-1,05;;;0,20-0,25;0;;;;;0,03;0,03;;;0;
RigorA2;Bohler-Uddeholm, Швеция;Bohler-Uddeholm;Швеция;marki_stalei_check;1;;;0,2;0;;;;;;;;;0;
Carpenter A2A2;Carpenter, США;Carpenter;США;marki_stalei_check;1;;;0,21;0;;;;;;;;;0;
AirkoolA2;Crucible, США;Crucible;США;marki_stalei_check;1;;;0,25;0;;;;;;;;;0;
LSS A2A2;Latrobe, США;Latrobe;США;marki_stalei_check;1;;;0,25;0;;;;;;;;;0;
OA2A2;Metal Ravne, Словения;Metal Ravne;Словения;marki_stalei_check;1;;;0,2;0;;;;;0,25;;;;0;
EPS52A2;Ossenberg, Германия;Ossenberg;Германия;marki_stalei_check;1;;;0,2;0;;;;;;;;;0;
T30103A3;;;США;marki_stalei_check;1,20-1,30;;;0,80-1,40;0;;;;;0,03;0,03;;;0;
T30104A4;;;США;marki_stalei_check;0,95-1,05;;;0;0;;;;;0,03;0,03;;;0;
T30106A6;;;США;marki_stalei_check;0,65-0,75;;;0;0;;;;;;;;;0;
VegaA6;Carpenter, США;Carpenter;США;marki_stalei_check;0,7;;;0;0;;;;;;;;;0;
CSM6A6;Crucible, США;Crucible;США;marki_stalei_check;0,7;;;0;0;;;;;;;;;0;
T30107A7;;;США;marki_stalei_check;2,00-2,85;;;3,90-5,15;0,50-1,50;;;;;0,03;0,03;;;0;
T30108A8;;;США;marki_stalei_check;0,50-0,60;;;0;1,00-1,50;;;;;0,03;0,03;;;0;
LSS MGRA8;Latrobe, США;Latrobe;США;marki_stalei_check;0,55;;;0;1,25;;;;;;;;;0;
T30109A9;;;США;marki_stalei_check;0,45-0,55;;;0,80-1,40;0;;;;;0,03;0,03;;;0;
LSS A9A9;Latrobe, США;Latrobe;США;marki_stalei_check;0,5;;;1;0;;;;;;;;;0;
T11301M1;;;США;marki_stalei_check;0,78-0,88;;;1,00-1,35;1,40-2,10;;;;;0,03;0,03;;;0;
S6-5-2M2;;;Германия;marki_stalei_check;0,80-0,88;;;1,70-2,10;5,90-6,70;;;;;;;;;0;
HS6-5-2CM2;;;Германия;marki_stalei_check;0,86-0,94;;;1,70-2,10;5,90-6,70;;;;;;;;;0;
1.3339M2;;;Германия;marki_stalei_check;0,80-0,88;;;1,70-2,10;5,90-6,70;;;;;;;;;0;
HS6-5-2M2;;;Европа;marki_stalei_check;0,80-0,88;;;1,70-2,10;5,90-6,70;;;;;;;;;0;
HS652CM2;;;Европа;marki_stalei_check;0,86-0,94;;;1,70-2,10;5,90-6,70;;;;;;;;;0;
T11302M2;;;США;marki_stalei_check;0,78-1,05;;;1,75-2,20;5,50-6,75;;;;;0,03;0,03;;;0;
DMO5M2;Dorrenberg, Германия;Dorrenberg;Германия;marki_stalei_check;0,9;;;1,9;6,4;;;;;;;;;0;
T11313M3:1;;;США;marki_stalei_check;1,00-1,10;;;2,25-2,75;5,00-6,75;;;;;0,03;0,03;;;0;
T11323M3:2;;;США;marki_stalei_check;1,15-1,25;;;2,75-3,75;5,00-6,75;;;;;0,03;0,03;;;0;
GPM23M3:2;Geruk, Германия;Geruk;Германия;marki_stalei_check;1,35;;;3,9;6;;;;;0,03;0,03;;;0;PM
YXM27M3:2;Hitachi, Япония;Hitachi;Япония;marki_stalei_check;1,2;;;2,7;5,3;;;;;;;;;0;
LO-QPM 23M3:2;Lohmann, Германия;Lohmann;Германия;marki_stalei_check;1,5;;;3;6,2;;;;;;;;;0;PM
S2-1-1-8M42;;;Германия;marki_stalei_check;1,00-1,15;;;0,90-1,30;1,20-1,90;;;;;0,03;0,03;;;0;
T11342M42;;;США;marki_stalei_check;1,05-1,10;;;0,95-1,35;1,15-1,85;;;;;0,03;0,03;;;0;
S500M42;Bohler-Uddeholm, Швеция;Bohler-Uddeholm;Швеция;marki_stalei_check;1,1;;;1;1,4;;;;;;;;;0;
Micro-Melt M42M42;Carpenter, США;Carpenter;США;marki_stalei_check;1,1;;;1,15;1,5;;;;;0,06;;;;0;MM
T11348M48;;;США;marki_stalei_check;1,50-1,55;;;3,1;9,75-10,00;;;;;0,07;;;;0;
XVC5M48;Hitachi, Япония;Hitachi;Япония;marki_stalei_check;1,25;;;3,45;10;;;;;0,01;0,025;;;0;
FM38VM48;Nachi Fujikoshi, Япония;Nachi Fujikoshi;Япония;marki_stalei_check;1,25;;;3,45;10;;;;;0,01;0,025;;;0;
T11362M62;;;США;marki_stalei_check;1,3;;;2;6,25;;;;;0,06;;;;0;
Micro-Melt M62M62;Carpenter, США;Carpenter;США;marki_stalei_check;1,3;;;2;6,25;;;;;0,05;;;;0;MM
S2-9-2M7;;;Германия;marki_stalei_check;0,95-1,05;;;1,70-2,20;1,50-2,10;;;;;0,03;0,03;;;0;
T11307M7;;;США;marki_stalei_check;1,00-1,02;;;1,90-2,00;1,75;;;;;;;;;0;
T30110A10;;;США;marki_stalei_check;1,25-1,50;;;0;0;;;;;0,03;0,03;;;0;
Graph-AirA10;Latrobe, США;Latrobe;США;marki_stalei_check;0,94;;;0;0,5;;;;;;;;;0;
Micro-Melt A11 LVCPMV9;Carpenter, США;Carpenter;США;marki_stalei_check;1,85;;;9;0;;;;;;;;;0;MM
C100W1W1;;;Германия;marki_stalei_check;1,03;;;0;0;;;;;0,012;0,014;;;0;
T72301W1;;;США;marki_stalei_check;0,70-1,50;;;0,1;0,15;;;;;0,025;0,025;;;0;
SKS44W2;;;Япония;marki_stalei_check;0,80-0,90;;;0,10-0,25;0;;;;;0,03;0,03;;;0;
T72302W2;;;США;marki_stalei_check;0,85-1,50;;;0,15-0,35;0,15;;;;;0,025;0,025;;;0;
KPW2;Ossenberg, Германия;Ossenberg;Германия;marki_stalei_check;1;;;0,1;0;;;;;;;;;0;
T72304W4;;;США;marki_stalei_check;0,80-1,20;;;0;0;;;;;0,00-0,025;0,00-0,025;;;0;
T72305W5;;;США;marki_stalei_check;1,05-1,15;;;0,1;0,15;;;;;0,025;0,025;;;0;
T72307W7;;;США;marki_stalei_check;0,95-1,10;;;0,15-0,35;0;;;;;0,00-0,025;0,00-0,025;;;0;
T61201L1;;;США;marki_stalei_check;0,95-1,10;;;0;0;;;;;0,00-0,025;0,00-0,025;;;0;
T61202L2;;;США;marki_stalei_check;0,45-1,00;;;0,10-0,30;0;;;;;0,03;0,03;;;0;
Thyrodur2235L2;Edelstahl Witten-Krefeld, Германия;Edelstahl Witten-Krefeld;Германия;marki_stalei_check;0,8;;;0,2;0;;;;;;;;;0;
L6 BainiteL6;;;США;marki_stalei_check;0,65-0,75;;;0,20-0,30;0;;;;;0,03;0,03;;;0;
T61206L6;;;США;marki_stalei_check;0,65-0,75;;;0,20-0,30;0;;;;;0,03;0,03;;;0;
ChampaloyL6;Crucible, США;Crucible;США;marki_stalei_check;0,75;;;0;0;;;;;;;;;0;
LSS L6L6;Latrobe, США;Latrobe;США;marki_stalei_check;0,7;;;0;0;;;;;;;;;0;
T61207L7;;;США;marki_stalei_check;0,95-1,05;;;0;0;;;;;0,03;0,03;;;0;
1.2510O1;;;Германия;marki_stalei_check;0,95;;;0,1;0,6;;;;;;;;;0;
1.2825O1;;;Германия;marki_stalei_check;0,90-1,00;;;0,05-0,20;0,40-0,70;;;;;0,03;0,03;;;0;
KHVSGFO1;;;Россия;marki_stalei_check;0,95-1,05;;;0,05-0,15;0,50-0,80;;;;;0,03;0,03;;;0;
XBCGO1;;;Россия;marki_stalei_check;0,95-1,05;;;0,05-0,15;0,50-0,80;;;;;0,03;0,03;;;0;
T31501O1;;;США;marki_stalei_check;0,85-1,00;;;0,3;0,40-0,60;;;;;0,03;0,03;;;0;
ArneO1;Bohler-Uddeholm, Швеция;Bohler-Uddeholm;Швеция;marki_stalei_check;0,95;;;0,12;0,6;;;;;;;;;0;
Carpenter O1O1;Carpenter, США;Carpenter;США;marki_stalei_check;0,9;;;0,2;0,5;;;;;;;;;0;
KetosO1;Crucible, США;Crucible;США;marki_stalei_check;0,9;;;0;0;;;;;;;;;0;
GOAO1;Daido, Япония;Daido;Япония;marki_stalei_check;0,86;;;1;0,5;;;;;;;;;0;
LSS O1O1;Latrobe, США;Latrobe;США;marki_stalei_check;0,94;;;0;0,5;;;;;;;;;0;
1.2842O2;;;Германия;marki_stalei_check;0,85-0,95;;;0,05-0,20;0;;;;;;;;;0;
T31502O2;;;США;marki_stalei_check;0,85-0,95;;;0,3;0;;;;;0,03;0,03;;;0;
BA72O2;Bonomi Acciai, Италия;Bonomi Acciai;Италия;marki_stalei_check;0,85-0,95;;;0,05-0,20;0;;;;;;;;;0;
Carpenter O2O2;Carpenter, США;Carpenter;США;marki_stalei_check;0,87;;;0;0;;;;;0,01;0,027;;;0;
UVW2O2;Ossenberg, Германия;Ossenberg;Германия;marki_stalei_check;0,9;;;0,1;0;;;;;;;;;0;
T31506O6;;;США;marki_stalei_check;1,25-1,55;;;0;0;;;;;0,03;0,03;;;0;
HalgraphO6;Crucible, США;Crucible;США;marki_stalei_check;1,5;;;0;0;;;;;;;;;0;
Graph-MoO6;Latrobe, США;Latrobe;США;marki_stalei_check;1,45;;;0;0;;;;;;;;;0;
1.2519O7;;;Германия;marki_stalei_check;1,05-1,15;;;0,15-0,25;1,20-1,40;;;;;0,000-0,030;0,000-0,030;;;0;
T31507O7;;;США;marki_stalei_check;1,10-1,30;;;0,4;1,00-2,00;;;;;0,03;0,03;;;0;
LO-K 2419.05O7;Lohmann, Германия;Lohmann;Германия;marki_stalei_check;1,3;;;0,2;1,3;;;;;;;;;0;
X153CrMoV12D2;;;Германия;marki_stalei_check;1,45-1,60;;;0,70-1,00;0;;;;;0,03;0,03;;;0;
KH12F1D2;;;Россия;marki_stalei_check;1,25-1,45;;;0,70-0,90;0,00-0,20;;;;;0,000-0,030;0,000-0,030;;;0;
DC11D2;Daido, Япония;Daido;Япония;marki_stalei_check;1,40-1,60;;;0,20-0,50;0;;;;;;;;;0;
OCR12VMD2;Metal Ravne, Словения;Metal Ravne;Словения;marki_stalei_check;1,52;;;0;0,11;;;;;0,016;0,019;;;0;
1.2080D3;;;Германия;marki_stalei_check;1,90-2,20;;;0;0;;;;;0,03;0,03;;;0;
X210Cr12D3;;;Франция;marki_stalei_check;1,90-2,20;;;0;0;;;;;0,03;0,03;;;0;
H12D3;;;Россия;marki_stalei_check;2,00-2,20;;;0,00-0,15;0,00-0,20;;;;;0,03;0,03;;;0;
KH12D3;;;Россия;marki_stalei_check;2,00-2,20;;;0,00-0,15;0,00-0,20;;;;;0,03;0,03;;;0;
T30403D3;;;США;marki_stalei_check;2,00-2,35;;;1;1;;;;;0,03;0,03;;;0;
K100D3;Bohler-Uddeholm, Швеция;Bohler-Uddeholm;Швеция;marki_stalei_check;2;;;0;0,05;;;;;;;;;0;
HampdenD3;Carpenter, США;Carpenter;США;marki_stalei_check;2,1;;;0;0;;;;;;;;;0;
ESCD3;Ossenberg, Германия;Ossenberg;Германия;marki_stalei_check;2,1;;;0;0;;;;;;;;;0;
T30404D4;;;США;marki_stalei_check;2,05-2,40;;;1;0;;;;;0,03;0,03;;;0;
T30405D5;;;США;marki_stalei_check;1,40-1,60;;;1;0;;;;;0,03;0,03;;;0;
KH12VMD6;;;Россия;marki_stalei_check;2,00-2,20;;;0,15-0,30;0,50-0,80;;;;;0,03;0,03;;;0;
H12VMD6;;;Россия;marki_stalei_check;2,00-2,20;;;0,15-0,30;0,50-0,80;;;;;0,03;0,03;;;0;
T30406D6;;;США;marki_stalei_check;2,00-2,25;;;0,15-0,30;0,80-1,25;;;;;;;;;0;
VC-131D6;Villares Metals, Бразилия;Villares Metals;Бразилия;marki_stalei_check;2,1;;;0,2;0,7;;;;;;;;;0;
T30407D7;;;США;marki_stalei_check;2,15-2,50;;;3,80-4,40;0;;;;;;;;;0;
1.2378D7;;;Германия;marki_stalei_check;2,15-2,30;;;2,00-2,30;0;;;;;0,035;0,035;;;0;
ATS-34Z100CD14.4;Hitachi, Япония;Hitachi;Япония;marki_stalei_check;1,05;;;0;0;;;;;0,02;0,03;;;0;
0170-6CDM1;Camillus, США;Camillus;США;marki_stalei_check;0,95;;;0,19;0;;;;;;;;;0;
1.2376X96CrMoV12;;;Германия;marki_stalei_check;0,92-1,00;;;0,80-1,00;0;;;;;0,03;0,03;;;0;
1.2631X50CrMoW911;;;Германия;marki_stalei_check;0,5;;;0;1,2;;;;;;;;;0;
65KH1365X13;;;Россия;marki_stalei_check;0,60-0,70;;;0;0;;;;;0,025;0,03;;;0;
G105001050;;;США;marki_stalei_check;0,48-0,55;;;0;0;;;;;0,05;0,03;;;0;
C551055;;;Германия;marki_stalei_check;0,52-0,60;;;0;0;;;;;0,045;0,045;;;0;
1.12031055;;;Германия;marki_stalei_check;0,52-0,60;;;0;0;;;;;0,035;0,035;;;0;
1.05351055;;;Германия;marki_stalei_check;0,52-0,60;;;0;0;;;;;0,045;0,045;;;0;
G105501055;;;США;marki_stalei_check;0,50-0,60;;;0;0;;;;;0,05;0,03;;;0;
CK601060;;;Германия;marki_stalei_check;0,57-0,65;;;0;0;;;;;0,035;0,035;;;0;
1.06011060;;;Германия;marki_stalei_check;0,57-0,65;;;0;0;;;;;0,045;0,045;;;0;
1.12211060;;;Германия;marki_stalei_check;0,57-0,65;;;0;0;;;;;0,035;0,035;;;0;
G106001060;;;США;marki_stalei_check;0,55-0,65;;;0;0;;;;;0,05;0,03;;;0;
C-701070;;;Германия;marki_stalei_check;0,7;;;0;0;;;;;;;;;0;
C671070;;;Германия;marki_stalei_check;0,65-0,72;;;0;0;;;;;0,045;0,045;;;0;
1.12311070;;;Германия;marki_stalei_check;0,65-0,72;;;0;0;;;;;0,035;0,035;;;0;
1.06031070;;;Германия;marki_stalei_check;0,65-0,72;;;0;0;;;;;0,045;0,045;;;0;
1.15201070;;;Германия;marki_stalei_check;0,65-0,75;;;0;0;;;;;0,03;0,03;;;0;
C70U1070;;;Европа;marki_stalei_check;0,65-0,75;;;0;0;;;;;0,03;0,03;;;0;
G107001070;;;США;marki_stalei_check;0,65-0,75;;;0;0;;;;;0,05;0,03;;;0;
G107401074;;;США;marki_stalei_check;0,70-0,80;;;0;0;;;;;0,05;0,03;;;0;
C751075;;;Германия;marki_stalei_check;0,70-0,80;;;0;0;;;;;0,045;0,045;;;0;
1.12481075;;;Германия;marki_stalei_check;0,70-0,80;;;0;0;;;;;0,035;0,035;;;0;
1.06051075;;;Германия;marki_stalei_check;0,70-0,80;;;0;0;;;;;0,045;0,045;;;0;
G107501075;;;США;marki_stalei_check;0,70-0,80;;;0;0;;;;;0,05;0,03;;;0;
G107801078;;;США;marki_stalei_check;0,72-0,85;;;0;0;;;;;0,05;0,03;;;0;
G108001080;;;США;marki_stalei_check;0,75-0,88;;;0;0;;;;;0,05;0,03;;;0;
G108401084;;;США;marki_stalei_check;0,80-0,93;;;0;0;;;;;0,05;0,03;;;0;
CK851086;;;Германия;marki_stalei_check;0,80-0,90;;;0;0;;;;;0,035;0,035;;;0;
1.12691086;;;Германия;marki_stalei_check;0,80-0,90;;;0;0;;;;;0,035;0,035;;;0;
G108601086;;;США;marki_stalei_check;0,80-0,93;;;0;0;;;;;0,05;0,03;;;0;
G109001090;;;США;marki_stalei_check;0,85-0,98;;;0;0;;;;;0,05;0,03;;;0;
1.12741095;;;Германия;marki_stalei_check;0,95-1,05;;;0;0;;;;;0,035;0,035;;;0;
G109501095;;;США;marki_stalei_check;0,90-1,03;;;0;0;;;;;0,05;0,03;;;0;
HS-105M35;Latrobe, США;Latrobe;США;marki_stalei_check;0,93;;;1,9;6,25;;;;;;;;;0;
Y108Cr17Y11Cr17;;;Китай;marki_stalei_check;0,95-1,20;;;0;0;;;;;0,15;0,06;;;0;
Z40CDV16.02+Az420Mod;;;Франция;marki_stalei_check;0,30-0,50;;;0,20-0,40;0;;;;;0,015;0,04;;;0,10-0,50;
Ergste 1.4123YN420Mod;Zapp, Германия;Zapp;Германия;marki_stalei_check;0,37-0,45;;;0,20-0,40;0;;;;;;;;;0,16-0,25;
1.4125440C;;;Германия;marki_stalei_check;0,95-1,20;;;0;0;;;;;0,02;0,04;;;0;
11Cr17440C;;;Китай;marki_stalei_check;0,95-1,20;;;0;0;;;;;0,03;0,04;;;0;
S44004440C;;;США;marki_stalei_check;0,95-1,20;;;0;0;;;;;0,03;0,04;;;0;
1.4111440B;;;Германия;marki_stalei_check;1,1;;;0,12;0;;;;;;;;;0;
1.4108X30CrMoNi1-5-1;;;Германия;marki_stalei_check;0,25-0,35;;;0;0;;;;;;;;;0,30-0,50;
Stavax420Mod;Bohler-Uddeholm, Швеция;Bohler-Uddeholm;Швеция;marki_stalei_check;0,38;;;0,3;0;;;;;;;;;0;ESR
BPS2420Mod;Ossenberg, Германия;Ossenberg;Германия;marki_stalei_check;0,4;;;0;0;;;;;;;;;0;
S42000420;;;США;marki_stalei_check;0,15;;;0;0;;;;;0,03;0,04;;;0;
1.4031420;;;Германия;marki_stalei_check;0,4;;;0;0;;;;;;;;;0;
40Cr13420;;;Китай;marki_stalei_check;0,36-0,45;;;0;0;;;;;0,03;0,04;;;0;
1.4034X46Cr13;;;Германия;marki_stalei_check;0,43-0,50;;;0;0;;;;;0,015;0,04;;;0;
Uginox MA4X46Cr13;Ugine & Alz, Франция;Ugine & Alz;Франция;marki_stalei_check;0,46;;;0;0;;;;;;;;;0;
1.4112440B;;;Германия;marki_stalei_check;0,85-0,95;;;0,07-0,12;0,14;;;;;0,004-0,020;0,026-0,040;;;0;
85Cr17440B;;;Китай;marki_stalei_check;0,75-0,95;;;0;0;;;;;0,03;0,04;;;0;
S44003440B;;;США;marki_stalei_check;0,75-0,95;;;0;0;;;;;0,03;0,04;;;0;
1.4109440A;;;Германия;marki_stalei_check;0,55-0,60;;;0;0;;;;;;;;;0;
S44002440A;;;США;marki_stalei_check;0,65-0,75;;;0;0;;;;;0,03;0,04;;;0;
1.2513135WCrV4;;;Германия;marki_stalei_check;1,30-1,40;;;0,10-0,20;0,80-1,10;;;;;0,035;0,035;;;0;
40X10S2MX40CrSiMo10-2;;;Россия;marki_stalei_check;0,35-0,45;;;0;0;;;;;0,025;0,03;;;0;
40X10C2MX40CrSiMo10-2;;;Россия;marki_stalei_check;0,35-0,45;;;0;0;;;;;0,025;0,03;;;0;
PGK1.2895;Latrobe, США;Latrobe;США;marki_stalei_check;1,15;;;1,95;1,5;;;;;;;;;0;
ASP2030M3:2+Co;Erasteel, Франция;Erasteel;Франция;marki_stalei_check;1,26-1,31;;;5,95-6,70;2,90-3,20;;;;;0,03;0,03;;;0;PM
T41901S1;;;США;marki_stalei_check;0,45-0,55;;;0,15-0,30;1,00-3,00;;;;;0,03;0,03;;;0;
T41907S7;;;США;marki_stalei_check;0,45-0,55;;;0,20-0,30;0;;;;;0,03;0,03;;;0;
1.2838145V33;;;Германия;marki_stalei_check;1,40-1,50;;;3,00-3,50;0;;;;;0,03;0,03;;;0;
25CrMo44130;;;Германия;marki_stalei_check;0,22-0,28;;;0;0;;;;;0,035;0,035;;;0;
G413004130;;;США;marki_stalei_check;0,28-0,33;;;0;0;;;;;0,04;0,035;;;0;
Shirogami 1BShirogami 1;Hitachi, Япония;Hitachi;Япония;marki_stalei_check;1,20-1,30;;;0;0;;;;;0,004;0,025;;;0;
Shirogami 2AShirogami 2;Hitachi, Япония;Hitachi;Япония;marki_stalei_check;1,10-1,20;;;0;0;;;;;0,004;0,025;;;0;
Shirogami 2BShirogami 2;Hitachi, Япония;Hitachi;Япония;marki_stalei_check;1,00-1,10;;;0;0;;;;;0,004;0,025;;;0;
Aogami 1BAogami 1;Hitachi, Япония;Hitachi;Япония;marki_stalei_check;1,20-1,30;;;0;1,50-2,00;;;;;0,004;0,025;;;0;
Aogami 2BAogami 2;Hitachi, Япония;Hitachi;Япония;marki_stalei_check;1,00-1,10;;;0;1,00-1,50;;;;;0,004;0,025;;;0;
Aogami 2AAogami 2;Hitachi, Япония;Hitachi;Япония;marki_stalei_check;1,10-1,20;;;0;1,00-1,50;;;;;0,004;0,025;;;0;
1.2319X64CrMo14;;;Германия;marki_stalei_check;0,60-0,70;;;0,05-0,15;0;;;;;0,025;0,025;;;0;
SK4W110;;;Япония;marki_stalei_check;0,90-1,00;;;0;0;;;;;0,03;0,03;;;0;
YK4W110;Daido, Япония;Daido;Япония;marki_stalei_check;0,90-1,00;;;0;0;;;;;;;;;0;
1.27676F7;;;Германия;marki_stalei_check;0,45;;;0;0;;;;;;;;;0;
1.4116420MoV;;;Германия;marki_stalei_check;0,45-0,55;;;0,10-0,20;0;;;;;0,000-0,015;0,000-0,040;;;0;
1.4110X55CrMo14;;;Германия;marki_stalei_check;0,48-0,60;;;0,00-0,15;0;;;;;0,015;0,04;;;0;
40CrMnMo7P20;;;Германия;marki_stalei_check;0,35-0,45;;;0;0;;;;;0,035;0,035;;;0;
HMT12VWM8;Nachi Fujikoshi, Япония;Nachi Fujikoshi;Япония;marki_stalei_check;1,25;;;2,8;3,5;;;;;;;;;0;
Vancron 40 SuperCleanVancron 40;Bohler-Uddeholm, Швеция;Bohler-Uddeholm;Швеция;marki_stalei_check;1,1;;;8,5;3,7;;;;;;;;;1,8;PM
Silver 1CTS-BD1;Hitachi, Япония;Hitachi;Япония;marki_stalei_check;0,80-0,90;;;0;0;;;;;0,020-0,030;0,020-0,030;;;0;
R12F3S12-1-2;;;Россия;marki_stalei_check;0,95-1,05;;;2,50-3,00;12,00-13,00;;;;;0,03;0,03;;;0;
1.2008140Cr3;;;Германия;marki_stalei_check;1,35-1,50;;;0;0;;;;;0,035;0,035;;;0;
S1801T1;;;Германия;marki_stalei_check;1;;;1,1;19;;;;;;;;;0;
B18T1;;;Великобритания;marki_stalei_check;0,81;;;1,07;18,25;;;;;0,003;0,024;;;0;
T12001T1;;;США;marki_stalei_check;0,65-0,80;;;0,90-1,30;17,25-18,75;;;;;0,03;0,03;;;0;
S43400434;;;США;marki_stalei_check;0,12;;;0;0;;;;;0,03;0,035;;;0;
SUP69260;;;Япония;marki_stalei_check;0,56-0,64;;;0;0;;;;;0,000-0,030;0,000-0,030;;;0;
60C2A9260;;;Россия;marki_stalei_check;0,58-0,63;;;0;0;;;;;0,000-0,025;0,000-0,025;;;0;
60C29260;;;Россия;marki_stalei_check;0,57-0,65;;;0;0;;;;;0,000-0,025;0,000-0,025;;;0;
3Cr13X40Cr13;;;Китай;marki_stalei_check;0,26-0,35;;;0;0;;;;;0,03;0,04;;;0;
S30100301;;;США;marki_stalei_check;0,15;;;0;0;;;;;0,03;0,045;;;0;
S30200302;;;США;marki_stalei_check;0,15;;;0;0;;;;;0,03;0,045;;;0;
S30300303;;;США;marki_stalei_check;0,15;;;0;0;;;;;0,03;0,045;;;0;
S31603316L;;;США;marki_stalei_check;0,03;;;0;0;;;;;0,03;0,045;;;0;
G414204142;;;США;marki_stalei_check;0,40-0,45;;;0;0;;;;;0,04;0,03;;;0;
S41000410;;;США;marki_stalei_check;0,09-0,15;;;0;0;;;;;0,03;0,04;;;0;
G414504145;;;США;marki_stalei_check;0,43-0,48;;;0;0;;;;;0,04;0,03;;;0;
G414004140;;;США;marki_stalei_check;0,38-0,43;;;0;0;;;;;0,04;0,035;;;0;
S41600416;;;США;marki_stalei_check;0,09-0,15;;;0;0;;;;;0,15-0,35;0,06;;;0;
NitroBNitro-B;Buderus Edelstahlwerke, Германия;Buderus Edelstahlwerke;Германия;marki_stalei_check;0,55;;;0,1;0;;;;;;;;;0,21;
1Cr17430;;;Китай;marki_stalei_check;0,12;;;0;0;;;;;0,03;0,04;;;0;
10Cr17430;;;Китай;marki_stalei_check;0,12;;;0;0;;;;;0,03;0,04;;;0;
S43000430;;;США;marki_stalei_check;0,12;;;0;0;;;;;0,03;0,04;;;0;
1.50269255;;;Германия;marki_stalei_check;0,52-0,60;;;0;0;;;;;0,025;0,025;;;0;
1.09049255;;;Германия;marki_stalei_check;0,52-0,60;;;0;0;;;;;0,025;0,025;;;0;
G925509255;;;США;marki_stalei_check;0,51-0,59;;;0;0;;;;;0,04;0,035;;;0;
G415004150;;;США;marki_stalei_check;0,48-0,53;;;0;0;;;;;0,04;0,035;;;0;
1.350552100;;;Германия;marki_stalei_check;0,93-1,05;;;0;0;;;;;0,015;0,025;;;0;
EN3152100;;;Великобритания;marki_stalei_check;0,95-1,05;;;0;0;;;;;0,025;0,025;;;0;
GCr1552100;;;Китай;marki_stalei_check;0,98-1,10;;;0;0;;;;;0,025;0,025-0,030;;;0;
SHH1552100;;;Россия;marki_stalei_check;0,95-1,05;;;0;0;;;;;0,02;0,027;;;0;
G5298652100;;;США;marki_stalei_check;0,98-1,10;;;0;0;;;;;0,025;0,025-0,030;;;0;
52100 VAC-ARC52100;Latrobe, США;Latrobe;США;marki_stalei_check;1,05;;;0;0;;;;;;;;;0;VIM
SUJ151100;;;Япония;marki_stalei_check;0,95-1,10;;;0;0;;;;;0,025;0,025;;;0;
G5198651100;;;США;marki_stalei_check;0,98-1,10;;;0;0;;;;;0,025;0,025;;;0;
RA5WX60WMoCrV6-5-4-2;Aubert & Duval, Франция;Aubert & Duval;Франция;marki_stalei_check;0,65;;;1,8;5,8;;;;;;;;;0;
1.241074CrW1;;;Германия;marki_stalei_check;0,70-0,75;;;0;0,25;;;;;;;;;0;
G515005150;;;США;marki_stalei_check;0,48-0,53;;;0;0;;;;;0,04;0,035;;;0;
G516005160;;;США;marki_stalei_check;0,56-0,64;;;0;0;;;;;0,04;0,035;;;0;
G615006150;;;США;marki_stalei_check;0,48-0,53;;;0;0;;;;;0,04;0,035;;;0;
G867008670;;;США;marki_stalei_check;0,64-0,75;;;0;0;;;;;0,025;0,025;;;0;
T9MoVAUS118;Bonpertuis, Франция;Bonpertuis;Франция;marki_stalei_check;0,9;;;0,1;0;;;;;;;;;0;
1.4037X65Cr13;;;Германия;marki_stalei_check;0,58-0,70;;;0;0;;;;;0,015;0,045;;;0;
1.2442115W8;;;Германия;marki_stalei_check;1,10-1,20;;;0;1,80-2,10;;;;;0,035;0,035;;;0;
1.2345H11;;;Германия;marki_stalei_check;0,48-0,53;;;0,80-1,00;0;;;;;0,03;0,03;;;0;
X125CrMoV931X125CrMoV9-3-1;;;Германия;marki_stalei_check;1,4;;;3,7;0;;;;;;;;;0;
X125CrMoV9-3-1X125CrMoV931;;;Германия;marki_stalei_check;1,25;;;1,18;0;;;;;;;;;0;
T12015T15;;;США;marki_stalei_check;1,50-1,60;;;4,50-5,25;11,75-13,00;;;;;0,03;0,03;;;0;
Dynavan T15T15;Latrobe, США;Latrobe;США;marki_stalei_check;1,57;;;5;12,25;;;;;;;;;0;
LO-QPM T15T15;Lohmann, Германия;Lohmann;Германия;marki_stalei_check;1,5;;;5;13;;;;;;;;;0;PM
1.71039254;;;Германия;marki_stalei_check;0,62-0,72;;;0;0;;;;;0,035;0,035;;;0;
1.17301045;;;Германия;marki_stalei_check;0,42-0,50;;;0;0;;;;;0,03;0,03;;;0;
G104501045;;;США;marki_stalei_check;0,43-0,50;;;0;0;;;;;0,05;0,03;;;0;
C45E1045;Saarstahl, Германия;Saarstahl;Германия;marki_stalei_check;0,45;;;0;0;;;;;0,03;;;;0;
LSS A7ModA7Mod;Latrobe, США;Latrobe;США;marki_stalei_check;2,6;;;4,5;0;;;;;0,00-0,005;;;;0;
SK7W1;;;Япония;marki_stalei_check;0,60-0,70;;;0;0;;;;;0,03;0,03;;;0;
WO10PrimaW1;Ossenberg, Германия;Ossenberg;Германия;marki_stalei_check;1,05;;;0;0;;;;;0,03;0,03;;;0;
19192PHW1;;;Чехия;marki_stalei_check;1;;;0,1;0,15;;;;;0,025;0,025;;;0;
T11310M10;;;США;marki_stalei_check;0,84-1,05;;;1,80-2,20;0;;;;;0,03;0,03;;;0;
TNWM10;Latrobe, США;Latrobe;США;marki_stalei_check;0,87;;;1,9;0;;;;;;;;;0;
T11341M41;;;США;marki_stalei_check;1,05-1,15;;;1,75-2,25;6,25-7,00;;;;;0,03;0,03;;;0;
T11344M44;;;США;marki_stalei_check;1,10-1,20;;;1,85-2,20;5,00-5,75;;;;;0,03;0,03;;;0;
WKE42M44;Erasteel, Франция;Erasteel;Франция;marki_stalei_check;1,20-1,35;;;9,00-10,00;3,00-3,50;;;;;0,03;0,03;;;0;
T11346M46;;;США;marki_stalei_check;1,22-1,30;;;3,00-3,30;1,90-2,20;;;;;0,03;0,03;;;0;
T11343M43;;;США;marki_stalei_check;1,15-1,25;;;1,50-1,75;2,25-3,00;;;;;0,03;0,03;;;0;
T11330M30;;;США;marki_stalei_check;0,75-0,85;;;1,00-1,40;1,30-2,30;;;;;0,03;0,03;;;0;
T11333M33;;;США;marki_stalei_check;0,85-0,92;;;1,00-1,35;1,30-2,10;;;;;0,03;0,03;;;0;
T11334M34;;;США;marki_stalei_check;0,85-0,92;;;1,90-2,30;1,40-2,10;;;;;0,03;0,03;;;0;
T11336M36;;;США;marki_stalei_check;0,80-0,90;;;1,75-2,25;5,50-6,50;;;;;0,03;0,03;;;0;
T11347M47;;;США;marki_stalei_check;1,05-1,15;;;1,15-1,35;1,30-1,80;;;;;0,03;0,03;;;0;
Z85WCV 18-04-02T2;;;Франция;marki_stalei_check;0,79;;;2,11;18,15;;;;;0,026;0,035;;;0;
T12002T2;;;США;marki_stalei_check;0,80-0,90;;;1,80-2,40;17,50-19,00;;;;;0,03;0,03;;;0;
T12004T4;;;США;marki_stalei_check;0,70-0,80;;;0,80-1,20;17,50-19,00;;;;;0,03;0,03;;;0;
SKH4T5;;;Япония;marki_stalei_check;0,73-0,83;;;1,00-1,50;17,00-19,00;;;;;0,03;0,03;;;0;
T12005T5;;;США;marki_stalei_check;0,75-0,85;;;1,80-2,40;17,50-19,00;;;;;0,03;0,03;;;0;
T12006T6;;;США;marki_stalei_check;0,75-0,85;;;1,50-2,10;18,50-21,00;;;;;0,03;0,03;;;0;
T12008T8;;;США;marki_stalei_check;0,75-0,85;;;1,80-2,40;13,25-14,75;;;;;0,03;0,03;;;0;
G104201044;;;США;marki_stalei_check;0,43-0,50;;;0;0;;;;;0,05;0,03;;;0;
G108501085;;;США;marki_stalei_check;0,80-0,93;;;0;0;;;;;0,05;0,03;;;0;
G106501065;;;США;marki_stalei_check;0,60-0,70;;;0;0;;;;;0,05;0,03;;;0;
G101801018;;;США;marki_stalei_check;0,15-0,20;;;0;0;;;;;0,05;0,03;;;0;
102Cr6L3;;;Германия;marki_stalei_check;0,95-1,10;;;0;0;;;;;0,025;0,025;;;0;
1.2067L3;;;Германия;marki_stalei_check;0,95-1,10;;;0;0;;;;;0,025;0,025;;;0;
9KH2L3;;;Россия;marki_stalei_check;0,85-0,95;;;0;0;;;;;0,03;0,03;;;0;
9X2L3;;;Россия;marki_stalei_check;0,85-0,95;;;0;0;;;;;0,03;0,03;;;0;
T61203L3;;;США;marki_stalei_check;0,95-1,10;;;0,10-0,30;0;;;;;;;;;0;
PV6L3;Dorrenberg, Германия;Dorrenberg;Германия;marki_stalei_check;1;;;0;0;;;;;;;;;0;
NSKL3;Ossenberg, Германия;Ossenberg;Германия;marki_stalei_check;1;;;0;0;;;;;;;;;0;
Thyrodur2067L3;Thyssen-Krupp, Германия;Thyssen-Krupp;Германия;marki_stalei_check;1;;;0;0;;;;;;;;;0;
G104001040;;;США;marki_stalei_check;0,37-0,44;;;0;0;;;;;0,05;0,03;;;0;
1.4535440C;;;Германия;marki_stalei_check;0,85-0,95;;;0,20-0,30;0;;;;;0,03;0,045;;;0;
RFSh3440C;Ossenberg, Германия;Ossenberg;Германия;marki_stalei_check;0,9;;;0,23;0;;;;;;;;;0;
G106401064;;;США;marki_stalei_check;0,60-0,70;;;0;0;;;;;0,05;0,04;;;0;
G106901069;;;США;marki_stalei_check;0,65-0,75;;;0;0;;;;;0,05;0,03;;;0;
LO-QPM 30T42;Lohmann, Германия;Lohmann;Германия;marki_stalei_check;1,3;;;3,2;6,4;;;;;;;;;0;PM
BRUT42;Metal Ravne, Словения;Metal Ravne;Словения;marki_stalei_check;1,31;;;3,25-3,30;9,50-10,05;;;;;0,005;0,024;;;0;
White SawShirogami Saw;Hitachi, Япония;Hitachi;Япония;marki_stalei_check;0,90-1,00;;;0;0;;;;;0,004;0,025;;;0;
Ossenberg CRVL2;Ossenberg, Германия;Ossenberg;Германия;marki_stalei_check;1,2;;;0,1;0;;;;;;;;;0;
1.4122X39CrMo17-1;;;Германия;marki_stalei_check;0,33-0,45;;;0;0;;;;;0,015;0,04;;;0;
LO-K 26951.2695;Lohmann, Германия;Lohmann;Германия;marki_stalei_check;1,2;;;1,5;2,4;;;;;;;;;0;
LO-K 2601D2;Lohmann, Германия;Lohmann;Германия;marki_stalei_check;1,6;;;0,2;0,45;;;;;;;;;0;
OCR12EXD2;Metal Ravne, Словения;Metal Ravne;Словения;marki_stalei_check;1,65;;;0,3;0,5;;;;;;;;;0;
ESMoD2;Ossenberg, Германия;Ossenberg;Германия;marki_stalei_check;1,65;;;0,2;0,5;;;;;;;;;0;
LO-K 260473WCrMoV2-2;Lohmann, Германия;Lohmann;Германия;marki_stalei_check;0,7;;;0,2;0,6;;;;;;;;;0;
1.2206140CrV1;;;Германия;marki_stalei_check;1,35-1,45;;;0,10-0,15;0;;;;;0,025;0,025;;;0;
WO120140CrV1;Ossenberg, Германия;Ossenberg;Германия;marki_stalei_check;1,4;;;0,1;0;;;;;;;;;0;
1.2004B5Cr1;;;Германия;marki_stalei_check;0,80-0,90;;;0;0;;;;;0,035;0,035;;;0;
SIhard S460OH255;SIJ Metal Ravne D.O.O., Словения;SIJ Metal Ravne D.O.O.;Словения;marki_stalei_check;1;;;0,3;0;;;;;;;;;0;
1.1750C75W;;;Германия;marki_stalei_check;0,72-0,82;;;0;0;;;;;0,035;0,035;;;0;
C70E2U1080;;;Франция;marki_stalei_check;0,75;;;0,03;0;;;;;0,01;0,012;;;0;
1.2550S1;;;Германия;marki_stalei_check;0,55-0,65;;;0,10-0,20;1,70-2,20;;;;;0,03;0,03;;;0;
K455S1;Bohler-Uddeholm, Швеция;Bohler-Uddeholm;Швеция;marki_stalei_check;0,6;;;0,18;2;;;;;0,012;0,015;;;0;
EKLS1;Ossenberg, Германия;Ossenberg;Германия;marki_stalei_check;0,6;;;0,2;2;;;;;;;;;0;
50NiCr13L6;;;Германия;marki_stalei_check;0,45-0,55;;;0;0;;;;;0,035;0,035;;;0;
1.2063145Cr6;;;Германия;marki_stalei_check;1,42;;;0,18;0;;;;;0,015;0,024;;;0;
NSZ145Cr6;Ossenberg, Германия;Ossenberg;Германия;marki_stalei_check;1,45;;;0;0;;;;;;;;;0;
WO10ExtraW112;Ossenberg, Германия;Ossenberg;Германия;marki_stalei_check;1;;;0;0;;;;;0,02;0,02;;;0;
G514005140;;;США;marki_stalei_check;0,38-0,43;;;0;0;;;;;0,04;0,035;;;0;
90X4M4F2V6L90KH4M4F2V6L;;;Россия;marki_stalei_check;0,85-0,95;;;2,00-2,60;5,00-7,00;;;;;0,04;0,04;;;0;
GM2105WCr6;Daido, Япония;Daido;Япония;marki_stalei_check;1,00-1,10;;;0,00-0,25;1,00-1,50;;;;;;;;;0;
100Cr250100;;;Германия;marki_stalei_check;1;;;0;0;;;;;;;;;0;
1.350150100;;;Германия;marki_stalei_check;1;;;0;0;;;;;;;;;0;
G5098650100;;;США;marki_stalei_check;0,98-1,10;;;0;0;;;;;0,025;0,025;;;0;
100CrMnSi6-452100;;;Германия;marki_stalei_check;0,90-1,05;;;0;0;;;;;0,025;0,03;;;0;
100CrMn652100;;;Франция;marki_stalei_check;0,90-1,05;;;0;0;;;;;0,025;0,03;;;0;
OCR5MOA485;Metal Ravne, Словения;Metal Ravne;Словения;marki_stalei_check;0,97;;;0;0;;;;;;;;;0;
OW5142W13;Metal Ravne, Словения;Metal Ravne;Словения;marki_stalei_check;1,43;;;0,25;3,05;;;;;;;;;0;
ERW3142W13;Ossenberg, Германия;Ossenberg;Германия;marki_stalei_check;1,4;;;0,25;3;;;;;;;;;0;
120WV4120WV4;;;Италия;marki_stalei_check;1,15-1,25;;;0,07-1,12;0,90-1,10;;;;;0,035;0,035;;;0;
OWSP100WV4;Metal Ravne, Словения;Metal Ravne;Словения;marki_stalei_check;1,02;;;0,15;1,05;;;;;;;;;0;
T41904S4;;;США;marki_stalei_check;0,50-0,65;;;0,15-0,35;0;;;;;0,03;0,03;;;0;
T11350M50;;;США;marki_stalei_check;0,86-0,88;;;1,15-1,20;0;;;;;;;;;0;
VIM-VAR M50M50;Carpenter, США;Carpenter;США;marki_stalei_check;0,8;;;1;0;;;;;0,015;0,015;;;0;
CM50M50;Latrobe, США;Latrobe;США;marki_stalei_check;0,84;;;1;0;;;;;;;;;0;
S3-3-21.3333;;;Германия;marki_stalei_check;0,97-0,98;;;2,51-2,66;2,92-3,23;;;;;0,005;0,035;;;0;
W3Mo3Cr4V2S3-3-2;;;Китай;marki_stalei_check;0,95-1,03;;;2,20-2,50;2,70-3,00;;;;;0,03;0,03;;;0;
T11352M52;;;США;marki_stalei_check;0,9;;;2;1,25;;;;;;;;;0;
CM52M52;Latrobe, США;Latrobe;США;marki_stalei_check;0,89;;;1,85;1,1;;;;;;;;;0;
GrindamaxV31.3347;Erasteel, Франция;Erasteel;Франция;marki_stalei_check;1,2;;;2,7;7;;;;;;;;;0;
GPMT15+S10-2-5-8;Geruk, Германия;Geruk;Германия;marki_stalei_check;1,6;;;5;10,5;;;;;0,03;0,03;;;0;PM
1.3222S6-5-2-8;;;Германия;marki_stalei_check;1,40-1,50;;;2,20-2,60;6,00-6,70;;;;;0,000-0,030;0,000-0,030;;;0;
S9-4-3-111.3208;;;Германия;marki_stalei_check;1,35-1,45;;;3,20-3,60;8,40-9,10;;;;;0,000-0,030;0,000-0,030;;;0;
1.3208S9-4-3-11;;;Германия;marki_stalei_check;1,35-1,45;;;3,20-3,60;8,40-9,10;;;;;0,000-0,030;0,000-0,030;;;0;
HS9-4-3-11S9-4-3-11;;;Европа;marki_stalei_check;1,35-1,45;;;3,20-3,60;8,40-9,10;;;;;0,000-0,030;0,000-0,030;;;0;
ESWX165CrV12;Ossenberg, Германия;Ossenberg;Германия;marki_stalei_check;1,65;;;0,1;0;;;;;;;;;0;
1.2965X115CrVMoW83So;;;Германия;marki_stalei_check;1,12;;;2,4;1,1;;;;;;;;;0;
Diro-KH20S9-1-2;Dirostahl, Германия;Dirostahl;Германия;marki_stalei_check;0,82;;;1,5;8,5;;;;;;;;;0;
EH00S9-1-2;Ossenberg, Германия;Ossenberg;Германия;marki_stalei_check;0,82;;;1,5;8,5;;;;;;;;;0;
1.3211S12-1-2-3;;;Германия;marki_stalei_check;0,77-0,85;;;1,70-2,00;11,50-12,50;;;;;0,000-0,030;0,000-0,030;;;0;
120W4F1;;;Германия;marki_stalei_check;1,23;;;0;0,98;;;;;0,01;0,015;;;0;
T60601F1;;;США;marki_stalei_check;0,95-1,25;;;0;1,00-1,75;;;;;;;;;0;
T20813H13;;;США;marki_stalei_check;0,32-0,45;;;0,80-1,20;0;;;;;0,03;0,03;;;0;
1.210951100;;;Германия;marki_stalei_check;1,20-1,30;;;0;0;;;;;0,035;0,035;;;0;
KLS51100;Ossenberg, Германия;Ossenberg;Германия;marki_stalei_check;1,25;;;0;0;;;;;;;;;0;
MNC51100;Ossenberg, Германия;Ossenberg;Германия;marki_stalei_check;1,05;;;0;0;;;;;;;;;0;
OV50CrV4;Ossenberg, Германия;Ossenberg;Германия;marki_stalei_check;0,5;;;0,1;0;;;;;;;;;0;
OVh59CrV4;Ossenberg, Германия;Ossenberg;Германия;marki_stalei_check;0,6;;;0,1;0;;;;;;;;;0;
ESSWX165CrVW12So;Ossenberg, Германия;Ossenberg;Германия;marki_stalei_check;1,65;;;0,1;0,8;;;;;;;;;0;
HE1X140CrVMo66So;Ossenberg, Германия;Ossenberg;Германия;marki_stalei_check;1,4;;;6;0;;;;;;;;;0;
VSCX210CrMoV15;Ossenberg, Германия;Ossenberg;Германия;marki_stalei_check;2,2;;;0,1;0;;;;;;;;;0;
WPS475CrMoNiW67;Ossenberg, Германия;Ossenberg;Германия;marki_stalei_check;0,75;;;0;0,3;;;;;;;;;0;
Thyrodur276275CrMoNiW67;Thyssen-Krupp, Германия;Thyssen-Krupp;Германия;marki_stalei_check;0,72;;;0,2;0,02;;;;;0,003;0,014;;;0,007;
KPExtra95V4;Ossenberg, Германия;Ossenberg;Германия;marki_stalei_check;0,95;;;0,4;0;;;;;;;;;0;
1.72414161;;;Германия;marki_stalei_check;1,35;;;4,1;5,9;;;;;;;;;0;
G416104161;;;США;marki_stalei_check;0,56-0,64;;;0;0;;;;;0,04;0,035;;;0;
1.3536100CrMo7-3;;;Германия;marki_stalei_check;1;;;0;0;;;;;0,3;;;;0;
1.4153X80CrMoV13-2;;;Германия;marki_stalei_check;0,76-0,81;;;1,65-1,85;0;;;;;;;;;0;
1.2391X80CrMoV13-2;;;Германия;marki_stalei_check;0,76-0,81;;;1,65-1,85;0;;;;;;;;;0;
S30400304;;;США;marki_stalei_check;0,08;;;0;0;;;;;0,03;0,045;;;0;
CPM Rex 25M61;Crucible, США;Crucible;США;marki_stalei_check;1,8;;;5;12,5;;;;;;;;;0;CPM
S1770017-7PH;;;США;marki_stalei_check;0,09;;;0;0;;;;;0,03;0,04;;;0;
1.2834105V;;;Германия;marki_stalei_check;1,00-1,10;;;0,10-0,20;0;;;;;0,03;0,03;;;0;
1.502971Si7;;;Германия;marki_stalei_check;0,68-0,75;;;0;0;;;;;0,035;0,035;;;0;
G104601046;;;США;marki_stalei_check;0,43-0,50;;;0;0;;;;;0,05;0,03;;;0;
G104901049;;;США;marki_stalei_check;0,46-0,53;;;0;0;;;;;0,05;0,03;;;0;
T20811H11;;;США;marki_stalei_check;0,33-0,43;;;0,30-0,60;0;;;;;0,03;0,03;;;0;
1.2002125Cr2;;;Германия;marki_stalei_check;1,20-1,30;;;0;0;;;;;0,025;0,025;;;0;
1.1590.01SC145;;;Германия;marki_stalei_check;1,45;;;0;0;;;;;0,004;0,003;;;0,005;
1.2799.0160Ni20;;;Германия;marki_stalei_check;0,6;;;0;0;;;;;0,003;0,005;;;0,005;
1.563475Ni8;;;Германия;marki_stalei_check;0,72-0,78;;;0;0;;;;;0,025;0,025;;;0;
T41902S2;;;США;marki_stalei_check;0,45-0,55;;;0,25;0;;;;;0,03;0,03;;;0;
T41906S6;;;США;marki_stalei_check;0,40-0,50;;;0,20-0,40;0;;;;;0,03;0,03;;;0;
9KHS150Cr14;;;Россия;marki_stalei_check;0,85-0,95;;;0,00-0,15;0,00-0,20;;;;;0,03;0,03;;;0;
9XC150Cr14;;;Россия;marki_stalei_check;0,85-0,95;;;0,00-0,15;0,00-0,20;;;;;0,03;0,03;;;0;
85H4M5F2V6LSC6-5-2;;;Россия;marki_stalei_check;0,82-0,90;;;1,70-2,10;5,50-6,50;;;;;0,025;0,03;;;0;
Robert Mushet Special Steel (RMS)Mushet Steel;Mushet, Великобритания;Mushet;Великобритания;marki_stalei_check;1,50-2,50;;;0;4,00-12,00;;;;;;;;;0;
G515505155;;;США;marki_stalei_check;0,51-0,59;;;0;0;;;;;0,04;0,035;;;0;
75Cr11.2003;;;Германия;marki_stalei_check;0,70-0,80;;;0;0;;;;;0,025;0,01;;;0;
1.2791D6A;;;Германия;marki_stalei_check;0,45-0,50;;;0,08-0,15;0;;;;;;;;;0;
BE2791D6A;Bestar, Германия;Bestar;Германия;marki_stalei_check;0,45-0,50;;;0,08-0,15;0;;;;;;;;;0;
58CrV41.8161;;;Германия;marki_stalei_check;0,55-0,62;;;0,10-0,20;0;;;;;0,035;0,035;;;0;
C85UC85W;;;Германия;marki_stalei_check;0,80-0,90;;;0;0;;;;;0,02;0,025;;;0;
C85WC85U;;;Германия;marki_stalei_check;0,80-0,90;;;0;0;;;;;0,02;0,025;;;0;
36CrNiMo44340;;;Германия;marki_stalei_check;0,32-0,40;;;0;0;;;;;0,035;0,035;;;0;
1.65114340;;;Германия;marki_stalei_check;0,32-0,40;;;0;0;;;;;0,035;0,035;;;0;
G434004340;;;США;marki_stalei_check;0,38-0,43;;;0;0;;;;;0,04;0,035;;;0;
G433704337;;;США;marki_stalei_check;0,34-0,36;;;0;0;;;;;0;;;;0;
T11308M8;;;США;marki_stalei_check;0,8;;;1,5;5;;;;;;;;;0;
T11315M15;;;США;marki_stalei_check;1,5;;;5;6,5;;;;;;;;;0;
T11345M45;;;США;marki_stalei_check;1,25;;;1,6;8;;;;;;;;;0;
T72303W3;;;США;marki_stalei_check;1;;;0,5;0;;;;;;;;;0;
W6T72306;;;США;marki_stalei_check;1;;;0,25;0;;;;;;;;;0;
T72306W6;;;США;marki_stalei_check;1;;;0,25;0;;;;;;;;;0;
T12003T3;;;США;marki_stalei_check;1,08-1,13;;;2,90-3,30;18,00-18,50;;;;;;;;;0;
T12007T7;;;США;marki_stalei_check;0,70-0,75;;;1,50-1,80;13,50-14,50;;;;;;;;;0;
T12009T9;;;США;marki_stalei_check;1,22-1,28;;;3,75-4,25;18,00-18,50;;;;;;;;;0;
T11306M6;;;США;marki_stalei_check;0,75-0,85;;;1,30-1,70;3,75-4,75;;;;;0,000-0,030;0,000-0,030;;;0;
T30401D1;;;США;marki_stalei_check;0,90-1,10;;;0,30-0,80;0;;;;;0,000-0,030;0,000-0,030;;;0;
A5T30105;;;США;marki_stalei_check;0,95-1,05;;;0;0;;;;;0,000-0,030;0,000-0,030;;;0;
T30105A5;;;США;marki_stalei_check;0,95-1,05;;;0;0;;;;;0,000-0,030;0,000-0,030;;;0;
T41903S3;;;США;marki_stalei_check;0,5;;;0;1;;;;;;;;;0;
T61205L5;;;США;marki_stalei_check;0,90-1,10;;;0;0;;;;;;;;;0;
1.2316420J2;;;Германия;marki_stalei_check;0,33-0,45;;;0;0;;;;;0,03;0,03;;;0;
BA16420J2;Bonomi Acciai, Италия;Bonomi Acciai;Италия;marki_stalei_check;0,33-0,45;;;0;0;;;;;0,03;0,03;;;0;
1.205690Cr3;;;Германия;marki_stalei_check;0,85-0,95;;;0;0;;;;;0,000-0,030;0,000-0,030;;;0;
9XF90Cr3;;;Россия;marki_stalei_check;1,05-1,25;;;0;0,80-1,20;;;;;;;;;0;
1.3302T15;;;Германия;marki_stalei_check;1,20-1,35;;;3,50-4,00;11,50-12,50;;;;;0,03;0,03;;;0;
BRW1T15;Metal Ravne, Словения;Metal Ravne;Словения;marki_stalei_check;1,28;;;3,75;12;;;;;;;;;0;
S31635316Ti;;;США;marki_stalei_check;0,08;;;0;0;;;;;0,015;0,045;;;0;
TSP6HS18-5-6-6;Thyssen-Krupp, Германия;Thyssen-Krupp;Германия;marki_stalei_check;1,85;;;6,3;18,5;;;;;;;;;0;PM
TSP8X240VCrMoNb 08-06-03-02;Thyssen-Krupp, Германия;Thyssen-Krupp;Германия;marki_stalei_check;2,4;;;8;0;;;;;;;;;0;PM
1.233462CrMoV6;;;Германия;marki_stalei_check;0,60-0,65;;;0,07-0,12;0;;;;;0,03;0,03;;;0;
80WCrV31.2511;;;Германия;marki_stalei_check;0,75-0,85;;;0,20-0,30;0,60-0,80;;;;;0,035;0,035;;;0;
X48CrMoV8-1-1X50CrMoV8;;;Германия;marki_stalei_check;0,45-0,50;;;1,30-1,50;0;;;;;0,005;0,02;;;0;
WP7VX48CrMoV8-1-1;Dorrenberg, Германия;Dorrenberg;Германия;marki_stalei_check;0,5;;;1,5;0;;;;;;;;;0;
46Si71.5024;;;Германия;marki_stalei_check;0,42-0,52;;;0;0;;;;;0,025;0,025;;;0;
X33CrS161.2085;;;Германия;marki_stalei_check;0,28-0,38;;;0;0;;;;;0,05-0,10;0,03;;;0;
HS6-5-2-5SM35S;;;Германия;marki_stalei_check;0,88-0,96;;;1,70-2,00;6,00-6,70;;;;;0,06-0,15;0,03;;;0;
FOR800X100CrMoV8-2;Thyssen-Krupp-FR, Франция;Thyssen-Krupp-FR;Франция;marki_stalei_check;1;;;0,3;0;;;;;0,005;;;;0;
100CrMnSi4452100;;;Германия;marki_stalei_check;0,93-1,05;;;0;0;;;;;0,015;0,025;;;0;
X100CrMoV8-1-11.2990;;;Германия;marki_stalei_check;1;;;1,6;0;;;;;0,03;0,03;;;0;
BACPOHX100CrMoV8-1-1;Bonomi Acciai, Италия;Bonomi Acciai;Италия;marki_stalei_check;1;;;1,6;0;;;;;0,03;0,03;;;0;
Cryodur2990X100CrMoV8-1-1;Deutsche Edelstahlwerke, Германия;Deutsche Edelstahlwerke;Германия;marki_stalei_check;1;;;1,6;0;;;;;0,03;0,03;;;0;
Thyrapid2990X100CrMoV8-1-1;Thyssen-Krupp, Германия;Thyssen-Krupp;Германия;marki_stalei_check;1;;;1,6;0;;;;;0,03;0,03;;;0;
G103001030;;;США;marki_stalei_check;0,28-0,34;;;0;0;;;;;0,05;0,03;;;0;
74NiCr21.2703;;;Германия;marki_stalei_check;0,70-0,78;;;0;0;;;;;0,035;0,035;;;0;
